ip,total_hits,unique_urls,php_attempts,url_entropy,bot_score,suspected_bot
1.53.240.59,1,1,False,-0.0,0.5,False
10.130.179.125,6,2,0,1.0,3.0,False
10.130.181.80,2,2,0,1.0,3.0,False
10.134.101.60,1,1,False,-0.0,0.5,False
10.134.16.125,10,2,0,1.0,3.0,False
10.138.60.43,1,1,False,-0.0,0.5,False
10.140.107.104,1,1,False,-0.0,0.5,False
10.140.158.30,1,1,False,-0.0,0.5,False
10.140.178.209,1,1,False,-0.0,0.5,False
10.140.231.71,1,1,False,-0.0,0.5,False
100.28.125.50,1,1,False,-0.0,0.5,False
101.32.205.94,1,1,False,-0.0,0.5,False
101.33.14.15,1,1,False,-0.0,0.5,False
101.33.21.17,1,1,False,-0.0,0.5,False
101.33.21.22,1,1,False,-0.0,0.5,False
101.33.32.4,1,1,False,-0.0,0.5,False
101.42.251.52,2,2,0,1.0,3.0,False
101.47.131.188,1,1,False,-0.0,0.5,False
101.47.133.177,1,1,False,-0.0,0.5,False
101.47.133.32,1,1,False,-0.0,0.5,False
101.47.133.73,1,1,False,-0.0,0.5,False
101.47.134.21,1,1,False,-0.0,0.5,False
101.47.134.87,1,1,False,-0.0,0.5,False
101.47.134.88,1,1,False,-0.0,0.5,False
101.47.135.157,1,1,False,-0.0,0.5,False
101.47.135.192,1,1,False,-0.0,0.5,False
101.47.135.198,1,1,False,-0.0,0.5,False
101.47.135.53,1,1,False,-0.0,0.5,False
101.47.135.80,1,1,False,-0.0,0.5,False
101.47.137.84,1,1,False,-0.0,0.5,False
101.47.138.111,1,1,False,-0.0,0.5,False
101.47.138.81,1,1,False,-0.0,0.5,False
101.47.138.89,1,1,False,-0.0,0.5,False
101.47.139.14,1,1,False,-0.0,0.5,False
101.47.139.152,1,1,False,-0.0,0.5,False
101.47.139.39,1,1,False,-0.0,0.5,False
101.47.139.6,1,1,False,-0.0,0.5,False
101.47.141.54,1,1,False,-0.0,0.5,False
101.47.160.192,1,1,False,-0.0,0.5,False
101.47.160.95,1,1,False,-0.0,0.5,False
101.47.161.59,1,1,False,-0.0,0.5,False
101.47.166.212,1,1,False,-0.0,0.5,False
101.47.166.223,1,1,False,-0.0,0.5,False
101.47.166.37,1,1,False,-0.0,0.5,False
101.47.166.75,1,1,False,-0.0,0.5,False
101.47.166.92,1,1,False,-0.0,0.5,False
101.47.167.126,1,1,False,-0.0,0.5,False
101.47.167.138,1,1,False,-0.0,0.5,False
101.47.167.191,1,1,False,-0.0,0.5,False
101.47.167.205,1,1,False,-0.0,0.5,False
101.47.167.21,1,1,False,-0.0,0.5,False
101.47.167.233,1,1,False,-0.0,0.5,False
101.47.167.243,1,1,False,-0.0,0.5,False
101.47.167.247,1,1,False,-0.0,0.5,False
101.47.167.5,2,2,0,1.0,3.0,False
101.47.167.70,1,1,False,-0.0,0.5,False
101.47.174.1,1,1,False,-0.0,0.5,False
101.47.174.216,1,1,False,-0.0,0.5,False
101.47.174.48,1,1,False,-0.0,0.5,False
101.47.174.70,1,1,False,-0.0,0.5,False
101.47.175.156,1,1,False,-0.0,0.5,False
101.47.175.206,1,1,False,-0.0,0.5,False
101.47.177.88,1,1,False,-0.0,0.5,False
101.47.179.236,1,1,False,-0.0,0.5,False
101.47.179.240,1,1,False,-0.0,0.5,False
101.47.181.202,1,1,False,-0.0,0.5,False
101.47.182.41,1,1,False,-0.0,0.5,False
101.47.20.70,1,1,False,-0.0,0.5,False
101.47.20.74,1,1,False,-0.0,0.5,False
101.47.21.186,1,1,False,-0.0,0.5,False
101.47.21.241,1,1,False,-0.0,0.5,False
101.47.21.91,1,1,False,-0.0,0.5,False
101.47.22.101,1,1,False,-0.0,0.5,False
101.47.22.112,1,1,False,-0.0,0.5,False
101.47.22.131,1,1,False,-0.0,0.5,False
101.47.22.60,1,1,False,-0.0,0.5,False
101.47.23.111,1,1,False,-0.0,0.5,False
101.47.23.157,1,1,False,-0.0,0.5,False
101.47.23.18,1,1,False,-0.0,0.5,False
101.47.23.30,1,1,False,-0.0,0.5,False
101.47.24.237,1,1,False,-0.0,0.5,False
101.47.24.255,1,1,False,-0.0,0.5,False
101.47.24.99,1,1,False,-0.0,0.5,False
101.47.25.132,1,1,False,-0.0,0.5,False
101.47.25.163,1,1,False,-0.0,0.5,False
101.47.25.214,1,1,False,-0.0,0.5,False
101.47.26.115,1,1,False,-0.0,0.5,False
101.47.26.41,1,1,False,-0.0,0.5,False
101.47.27.250,1,1,False,-0.0,0.5,False
101.47.27.47,1,1,False,-0.0,0.5,False
101.47.27.94,1,1,False,-0.0,0.5,False
101.47.28.139,1,1,False,-0.0,0.5,False
101.47.28.159,1,1,False,-0.0,0.5,False
101.47.28.161,1,1,False,-0.0,0.5,False
101.47.29.143,1,1,False,-0.0,0.5,False
101.47.30.120,1,1,False,-0.0,0.5,False
101.47.30.128,1,1,False,-0.0,0.5,False
101.47.30.173,1,1,False,-0.0,0.5,False
101.47.54.111,1,1,False,-0.0,0.5,False
102.157.179.71,1,1,False,-0.0,0.5,False
102.159.80.40,1,1,False,-0.0,0.5,False
102.188.2.226,1,1,False,-0.0,0.5,False
102.209.217.127,1,1,False,-0.0,0.5,False
102.216.86.84,1,1,False,-0.0,0.5,False
102.217.159.141,1,1,False,-0.0,0.5,False
102.219.24.113,1,1,False,-0.0,0.5,False
103.106.242.232,1,1,False,-0.0,0.5,False
103.112.204.14,1,1,False,-0.0,0.5,False
103.115.175.157,3,3,0,1.58,4.67,False
103.124.110.97,1,1,False,-0.0,0.5,False
103.129.120.252,1,1,False,-0.0,0.5,False
103.133.175.240,1,1,False,-0.0,0.5,False
103.137.40.64,1,1,False,-0.0,0.5,False
103.140.24.7,1,1,False,-0.0,0.5,False
103.143.139.140,1,1,False,-0.0,0.5,False
103.153.130.156,1,1,False,-0.0,0.5,False
103.155.118.195,1,1,False,-0.0,0.5,False
103.156.2.3,1,1,False,-0.0,0.5,False
103.175.135.237,1,1,False,-0.0,0.5,False
103.176.88.159,1,1,False,-0.0,0.5,False
103.203.48.42,2,1,0,-0.0,0.5,False
103.205.69.28,1,1,False,-0.0,0.5,False
103.217.190.26,1,1,False,-0.0,0.5,False
103.244.172.87,1,1,False,-0.0,0.5,False
103.25.231.107,4,4,0,2.0,6.0,False
103.41.24.241,1,1,False,-0.0,0.5,False
103.70.76.30,2,2,2,1.0,6.0,False
103.95.81.216,1,1,False,-0.0,0.5,False
104.171.153.32,7,4,0,1.95,5.9,False
104.211.58.222,1,1,False,-0.0,0.5,False
104.211.58.99,1,1,False,-0.0,0.5,False
104.219.198.110,2,2,0,1.0,3.0,False
104.243.9.2,2,2,0,1.0,3.0,False
104.253.166.119,1,1,False,-0.0,0.5,False
104.253.166.38,1,1,False,-0.0,0.5,False
104.253.166.43,1,1,False,-0.0,0.5,False
104.253.166.53,1,1,False,-0.0,0.5,False
104.253.166.54,1,1,False,-0.0,0.5,False
104.253.166.56,1,1,False,-0.0,0.5,False
104.253.166.73,1,1,False,-0.0,0.5,False
104.28.104.61,2,2,0,1.0,3.0,False
104.28.104.62,2,2,0,1.0,3.0,False
104.28.236.175,1,1,False,-0.0,0.5,False
104.28.48.138,2,2,0,1.0,3.0,False
104.28.57.248,1,1,False,-0.0,0.5,False
104.28.92.199,2,2,0,1.0,3.0,False
104.28.94.190,2,2,0,1.0,3.0,False
104.28.97.46,2,2,0,1.0,3.0,False
104.28.97.47,2,2,0,1.0,3.0,False
104.47.64.254,1,1,False,-0.0,0.5,False
105.156.181.249,1,1,False,-0.0,0.5,False
105.234.180.22,1,1,False,-0.0,0.5,False
105.245.32.165,1,1,False,-0.0,0.5,False
105.97.200.163,1,1,False,-0.0,0.5,False
106.52.249.139,1,1,False,-0.0,0.5,False
106.75.23.243,1,1,False,-0.0,0.5,False
106.75.23.247,1,1,False,-0.0,0.5,False
107.116.185.27,2,2,0,1.0,3.0,False
107.144.163.176,4,1,0,-0.0,0.5,False
107.163.168.10,1,1,False,-0.0,0.5,False
107.163.168.103,1,1,False,-0.0,0.5,False
107.163.168.110,1,1,False,-0.0,0.5,False
107.163.168.115,1,1,False,-0.0,0.5,False
107.163.168.128,1,1,False,-0.0,0.5,False
107.163.168.133,1,1,False,-0.0,0.5,False
107.163.168.134,1,1,False,-0.0,0.5,False
107.163.168.142,1,1,False,-0.0,0.5,False
107.163.168.15,1,1,False,-0.0,0.5,False
107.163.168.156,1,1,False,-0.0,0.5,False
107.163.168.168,1,1,False,-0.0,0.5,False
107.163.168.174,1,1,False,-0.0,0.5,False
107.163.168.177,1,1,False,-0.0,0.5,False
107.163.168.179,1,1,False,-0.0,0.5,False
107.163.168.190,1,1,False,-0.0,0.5,False
107.163.168.197,1,1,False,-0.0,0.5,False
107.163.168.198,1,1,False,-0.0,0.5,False
107.163.168.224,1,1,False,-0.0,0.5,False
107.163.168.243,1,1,False,-0.0,0.5,False
107.163.168.46,1,1,False,-0.0,0.5,False
107.163.168.55,1,1,False,-0.0,0.5,False
107.163.168.65,1,1,False,-0.0,0.5,False
107.163.168.81,1,1,False,-0.0,0.5,False
107.163.168.86,1,1,False,-0.0,0.5,False
107.163.168.89,1,1,False,-0.0,0.5,False
107.173.224.26,1,1,False,-0.0,0.5,False
107.173.94.23,1,1,False,-0.0,0.5,False
107.192.136.170,2,2,0,1.0,3.0,False
107.198.144.185,6,2,0,1.0,3.0,False
107.208.179.189,2,2,0,1.0,3.0,False
108.174.8.25,1,1,False,-0.0,0.5,False
108.187.16.203,1,1,False,-0.0,0.5,False
108.187.16.231,1,1,False,-0.0,0.5,False
108.187.16.237,2,1,0,-0.0,0.5,False
108.187.16.241,1,1,False,-0.0,0.5,False
108.187.16.242,1,1,False,-0.0,0.5,False
108.187.18.209,1,1,False,-0.0,0.5,False
108.187.18.215,1,1,False,-0.0,0.5,False
108.187.18.227,1,1,False,-0.0,0.5,False
108.187.18.234,1,1,False,-0.0,0.5,False
108.187.18.238,1,1,False,-0.0,0.5,False
108.187.21.23,1,1,False,-0.0,0.5,False
108.187.21.24,1,1,False,-0.0,0.5,False
108.187.21.42,1,1,False,-0.0,0.5,False
108.187.21.45,1,1,False,-0.0,0.5,False
108.187.21.47,1,1,False,-0.0,0.5,False
108.187.21.55,1,1,False,-0.0,0.5,False
108.187.23.21,1,1,False,-0.0,0.5,False
108.187.23.26,1,1,False,-0.0,0.5,False
108.187.23.30,1,1,False,-0.0,0.5,False
108.187.23.7,1,1,False,-0.0,0.5,False
108.187.24.134,1,1,False,-0.0,0.5,False
108.187.24.137,1,1,False,-0.0,0.5,False
108.187.24.158,1,1,False,-0.0,0.5,False
108.187.24.160,1,1,False,-0.0,0.5,False
108.187.24.166,1,1,False,-0.0,0.5,False
108.187.24.176,1,1,False,-0.0,0.5,False
108.187.244.106,1,1,False,-0.0,0.5,False
108.187.244.119,1,1,False,-0.0,0.5,False
108.187.244.138,2,1,0,-0.0,0.5,False
108.187.244.158,1,1,False,-0.0,0.5,False
108.187.244.160,1,1,False,-0.0,0.5,False
108.187.244.169,1,1,False,-0.0,0.5,False
108.187.244.177,1,1,False,-0.0,0.5,False
108.187.244.192,1,1,False,-0.0,0.5,False
108.187.244.202,1,1,False,-0.0,0.5,False
108.187.244.220,1,1,False,-0.0,0.5,False
108.187.244.228,1,1,False,-0.0,0.5,False
108.187.244.233,1,1,False,-0.0,0.5,False
108.187.244.47,1,1,False,-0.0,0.5,False
108.187.244.53,1,1,False,-0.0,0.5,False
108.187.244.71,1,1,False,-0.0,0.5,False
108.187.244.73,1,1,False,-0.0,0.5,False
108.187.244.82,2,2,0,1.0,3.0,False
108.187.244.96,1,1,False,-0.0,0.5,False
108.187.244.98,1,1,False,-0.0,0.5,False
108.187.253.101,1,1,False,-0.0,0.5,False
108.187.253.102,1,1,False,-0.0,0.5,False
108.187.253.103,1,1,False,-0.0,0.5,False
108.187.253.119,1,1,False,-0.0,0.5,False
108.187.253.126,1,1,False,-0.0,0.5,False
108.187.253.141,1,1,False,-0.0,0.5,False
108.187.253.146,1,1,False,-0.0,0.5,False
108.187.253.166,1,1,False,-0.0,0.5,False
108.187.253.203,1,1,False,-0.0,0.5,False
108.187.253.21,1,1,False,-0.0,0.5,False
108.187.253.211,1,1,False,-0.0,0.5,False
108.187.253.215,1,1,False,-0.0,0.5,False
108.187.253.218,1,1,False,-0.0,0.5,False
108.187.253.219,1,1,False,-0.0,0.5,False
108.187.253.221,1,1,False,-0.0,0.5,False
108.187.253.222,1,1,False,-0.0,0.5,False
108.187.253.224,1,1,False,-0.0,0.5,False
108.187.253.242,1,1,False,-0.0,0.5,False
108.187.253.29,1,1,False,-0.0,0.5,False
108.187.253.31,1,1,False,-0.0,0.5,False
108.187.253.51,1,1,False,-0.0,0.5,False
108.187.253.54,1,1,False,-0.0,0.5,False
108.187.253.58,1,1,False,-0.0,0.5,False
108.187.253.73,1,1,False,-0.0,0.5,False
108.187.253.80,1,1,False,-0.0,0.5,False
108.187.253.82,1,1,False,-0.0,0.5,False
108.187.253.91,1,1,False,-0.0,0.5,False
108.187.26.140,1,1,False,-0.0,0.5,False
108.187.26.148,1,1,False,-0.0,0.5,False
108.187.26.155,2,2,0,1.0,3.0,False
108.187.26.160,1,1,False,-0.0,0.5,False
108.187.26.164,1,1,False,-0.0,0.5,False
108.187.26.174,1,1,False,-0.0,0.5,False
108.187.26.184,1,1,False,-0.0,0.5,False
108.187.26.185,1,1,False,-0.0,0.5,False
108.187.28.194,1,1,False,-0.0,0.5,False
108.187.28.217,1,1,False,-0.0,0.5,False
108.187.28.223,1,1,False,-0.0,0.5,False
108.187.28.228,1,1,False,-0.0,0.5,False
108.187.28.234,1,1,False,-0.0,0.5,False
108.187.28.240,1,1,False,-0.0,0.5,False
108.187.28.245,1,1,False,-0.0,0.5,False
108.187.28.250,1,1,False,-0.0,0.5,False
108.187.29.16,1,1,False,-0.0,0.5,False
108.187.29.27,1,1,False,-0.0,0.5,False
108.187.29.30,1,1,False,-0.0,0.5,False
108.187.29.35,1,1,False,-0.0,0.5,False
108.187.29.43,1,1,False,-0.0,0.5,False
108.187.29.49,1,1,False,-0.0,0.5,False
108.187.29.60,1,1,False,-0.0,0.5,False
108.187.31.2,1,1,False,-0.0,0.5,False
108.187.31.51,1,1,False,-0.0,0.5,False
108.2.169.85,1,1,False,-0.0,0.5,False
108.20.142.227,3,1,0,-0.0,0.5,False
108.217.36.46,1,1,False,-0.0,0.5,False
108.233.147.217,2,2,0,1.0,3.0,False
108.69.64.195,4,2,0,1.0,3.0,False
108.83.160.160,6,2,0,1.0,3.0,False
108.93.212.45,8,2,0,1.0,3.0,False
109.105.209.27,6,2,0,1.0,3.0,False
109.105.209.7,2,2,0,1.0,3.0,False
109.105.210.62,4,2,0,1.0,3.0,False
109.105.210.72,4,2,0,1.0,3.0,False
109.195.33.172,1,1,False,-0.0,0.5,False
109.68.239.24,1,1,False,-0.0,0.5,False
111.119.201.94,1,1,False,-0.0,0.5,False
111.119.242.124,1,1,False,-0.0,0.5,False
111.68.9.78,2,2,1,1.0,4.5,False
111.88.35.178,1,1,False,-0.0,0.5,False
111.88.9.241,1,1,False,-0.0,0.5,False
112.121.183.166,2,2,2,1.0,6.0,False
112.198.166.22,1,1,False,-0.0,0.5,False
112.57.65.76,1,1,False,-0.0,0.5,False
112.65.212.60,1,1,False,-0.0,0.5,False
112.86.225.106,1,1,False,-0.0,0.5,False
112.86.225.252,1,1,False,-0.0,0.5,False
113.160.200.31,1,1,False,-0.0,0.5,False
113.161.215.146,1,1,False,-0.0,0.5,False
113.161.54.186,1,1,False,-0.0,0.5,False
113.161.71.216,1,1,False,-0.0,0.5,False
113.162.111.118,1,1,False,-0.0,0.5,False
113.162.202.80,1,1,False,-0.0,0.5,False
113.162.208.165,1,1,False,-0.0,0.5,False
113.162.226.169,1,1,False,-0.0,0.5,False
113.163.12.218,1,1,False,-0.0,0.5,False
113.163.147.86,1,1,False,-0.0,0.5,False
113.163.165.110,1,1,False,-0.0,0.5,False
113.163.192.70,1,1,False,-0.0,0.5,False
113.163.39.247,1,1,False,-0.0,0.5,False
113.163.44.109,1,1,False,-0.0,0.5,False
113.163.46.178,1,1,False,-0.0,0.5,False
113.163.91.40,1,1,False,-0.0,0.5,False
113.164.12.109,1,1,False,-0.0,0.5,False
113.164.172.47,1,1,False,-0.0,0.5,False
113.164.173.89,1,1,False,-0.0,0.5,False
113.164.195.20,1,1,False,-0.0,0.5,False
113.164.253.106,1,1,False,-0.0,0.5,False
113.165.222.180,1,1,False,-0.0,0.5,False
113.166.100.247,1,1,False,-0.0,0.5,False
113.166.163.144,1,1,False,-0.0,0.5,False
113.166.26.132,1,1,False,-0.0,0.5,False
113.167.124.126,1,1,False,-0.0,0.5,False
113.167.14.43,1,1,False,-0.0,0.5,False
113.167.151.173,1,1,False,-0.0,0.5,False
113.167.2.20,1,1,False,-0.0,0.5,False
113.167.213.253,1,1,False,-0.0,0.5,False
113.167.246.106,1,1,False,-0.0,0.5,False
113.167.51.37,1,1,False,-0.0,0.5,False
113.168.235.166,1,1,False,-0.0,0.5,False
113.168.7.39,1,1,False,-0.0,0.5,False
113.168.75.217,1,1,False,-0.0,0.5,False
113.168.91.10,1,1,False,-0.0,0.5,False
113.168.91.38,1,1,False,-0.0,0.5,False
113.169.110.150,1,1,False,-0.0,0.5,False
113.169.154.150,1,1,False,-0.0,0.5,False
113.169.238.53,1,1,False,-0.0,0.5,False
113.169.34.198,1,1,False,-0.0,0.5,False
113.169.35.55,1,1,False,-0.0,0.5,False
113.169.83.187,1,1,False,-0.0,0.5,False
113.169.90.106,1,1,False,-0.0,0.5,False
113.170.108.94,1,1,False,-0.0,0.5,False
113.170.113.185,1,1,False,-0.0,0.5,False
113.170.150.97,1,1,False,-0.0,0.5,False
113.170.193.151,1,1,False,-0.0,0.5,False
113.170.196.172,1,1,False,-0.0,0.5,False
113.170.219.125,1,1,False,-0.0,0.5,False
113.170.242.171,1,1,False,-0.0,0.5,False
113.170.25.15,1,1,False,-0.0,0.5,False
113.170.33.83,1,1,False,-0.0,0.5,False
113.170.49.234,1,1,False,-0.0,0.5,False
113.170.52.76,1,1,False,-0.0,0.5,False
113.170.58.114,1,1,False,-0.0,0.5,False
113.170.78.229,1,1,False,-0.0,0.5,False
113.172.145.136,1,1,False,-0.0,0.5,False
113.172.176.164,1,1,False,-0.0,0.5,False
113.172.206.129,1,1,False,-0.0,0.5,False
113.172.215.112,1,1,False,-0.0,0.5,False
113.172.39.28,1,1,False,-0.0,0.5,False
113.172.61.223,1,1,False,-0.0,0.5,False
113.172.62.204,1,1,False,-0.0,0.5,False
113.172.83.72,1,1,False,-0.0,0.5,False
113.173.139.91,1,1,False,-0.0,0.5,False
113.173.155.208,1,1,False,-0.0,0.5,False
113.173.18.215,1,1,False,-0.0,0.5,False
113.173.227.62,1,1,False,-0.0,0.5,False
113.173.236.90,1,1,False,-0.0,0.5,False
113.173.238.186,2,2,0,1.0,3.0,False
113.173.242.122,1,1,False,-0.0,0.5,False
113.173.63.38,1,1,False,-0.0,0.5,False
113.173.91.252,1,1,False,-0.0,0.5,False
113.174.118.209,1,1,False,-0.0,0.5,False
113.174.18.42,1,1,False,-0.0,0.5,False
113.174.28.217,1,1,False,-0.0,0.5,False
113.174.33.251,1,1,False,-0.0,0.5,False
113.174.44.166,1,1,False,-0.0,0.5,False
113.174.57.220,1,1,False,-0.0,0.5,False
113.175.132.237,1,1,False,-0.0,0.5,False
113.175.9.54,1,1,False,-0.0,0.5,False
113.176.101.77,1,1,False,-0.0,0.5,False
113.176.71.247,1,1,False,-0.0,0.5,False
113.177.187.165,1,1,False,-0.0,0.5,False
113.177.47.251,1,1,False,-0.0,0.5,False
113.177.65.0,1,1,False,-0.0,0.5,False
113.178.111.162,1,1,False,-0.0,0.5,False
113.178.129.75,1,1,False,-0.0,0.5,False
113.178.137.236,1,1,False,-0.0,0.5,False
113.178.167.110,1,1,False,-0.0,0.5,False
113.178.178.245,1,1,False,-0.0,0.5,False
113.178.210.80,1,1,False,-0.0,0.5,False
113.178.40.74,1,1,False,-0.0,0.5,False
113.178.43.15,1,1,False,-0.0,0.5,False
113.178.53.153,1,1,False,-0.0,0.5,False
113.178.80.163,1,1,False,-0.0,0.5,False
113.178.84.107,1,1,False,-0.0,0.5,False
113.178.97.138,1,1,False,-0.0,0.5,False
113.179.140.33,1,1,False,-0.0,0.5,False
113.179.140.99,1,1,False,-0.0,0.5,False
113.179.252.240,1,1,False,-0.0,0.5,False
113.179.68.35,1,1,False,-0.0,0.5,False
113.180.198.40,1,1,False,-0.0,0.5,False
113.180.200.125,1,1,False,-0.0,0.5,False
113.180.21.159,1,1,False,-0.0,0.5,False
113.180.226.213,1,1,False,-0.0,0.5,False
113.180.244.192,1,1,False,-0.0,0.5,False
113.180.244.202,1,1,False,-0.0,0.5,False
113.180.35.187,1,1,False,-0.0,0.5,False
113.180.54.9,1,1,False,-0.0,0.5,False
113.181.108.107,1,1,False,-0.0,0.5,False
113.181.117.110,1,1,False,-0.0,0.5,False
113.181.177.245,1,1,False,-0.0,0.5,False
113.181.83.135,1,1,False,-0.0,0.5,False
113.182.142.55,1,1,False,-0.0,0.5,False
113.182.143.172,1,1,False,-0.0,0.5,False
113.182.154.237,1,1,False,-0.0,0.5,False
113.182.165.46,1,1,False,-0.0,0.5,False
113.182.166.190,1,1,False,-0.0,0.5,False
113.182.190.47,1,1,False,-0.0,0.5,False
113.182.208.108,1,1,False,-0.0,0.5,False
113.182.214.195,1,1,False,-0.0,0.5,False
113.182.224.20,1,1,False,-0.0,0.5,False
113.182.26.127,1,1,False,-0.0,0.5,False
113.182.82.46,1,1,False,-0.0,0.5,False
113.182.85.47,1,1,False,-0.0,0.5,False
113.183.12.75,1,1,False,-0.0,0.5,False
113.183.146.85,1,1,False,-0.0,0.5,False
113.183.149.18,1,1,False,-0.0,0.5,False
113.183.231.127,1,1,False,-0.0,0.5,False
113.183.244.53,1,1,False,-0.0,0.5,False
113.183.41.172,1,1,False,-0.0,0.5,False
113.183.55.12,1,1,False,-0.0,0.5,False
113.184.111.130,1,1,False,-0.0,0.5,False
113.184.13.124,1,1,False,-0.0,0.5,False
113.184.203.20,1,1,False,-0.0,0.5,False
113.184.30.163,1,1,False,-0.0,0.5,False
113.184.57.128,1,1,False,-0.0,0.5,False
113.185.44.247,1,1,False,-0.0,0.5,False
113.185.74.42,1,1,False,-0.0,0.5,False
113.185.77.87,1,1,False,-0.0,0.5,False
113.186.121.138,1,1,False,-0.0,0.5,False
113.186.167.131,1,1,False,-0.0,0.5,False
113.186.229.91,1,1,False,-0.0,0.5,False
113.186.35.178,1,1,False,-0.0,0.5,False
113.186.46.111,1,1,False,-0.0,0.5,False
113.186.57.214,1,1,False,-0.0,0.5,False
113.186.89.136,1,1,False,-0.0,0.5,False
113.187.225.144,1,1,False,-0.0,0.5,False
113.187.240.166,1,1,False,-0.0,0.5,False
113.187.244.231,1,1,False,-0.0,0.5,False
113.187.248.187,1,1,False,-0.0,0.5,False
113.187.49.82,1,1,False,-0.0,0.5,False
113.187.56.163,1,1,False,-0.0,0.5,False
113.187.60.11,1,1,False,-0.0,0.5,False
113.188.14.60,1,1,False,-0.0,0.5,False
113.188.140.193,1,1,False,-0.0,0.5,False
113.188.169.168,1,1,False,-0.0,0.5,False
113.188.178.29,1,1,False,-0.0,0.5,False
113.188.187.250,1,1,False,-0.0,0.5,False
113.188.45.171,1,1,False,-0.0,0.5,False
113.188.49.0,1,1,False,-0.0,0.5,False
113.188.62.212,1,1,False,-0.0,0.5,False
113.188.79.95,1,1,False,-0.0,0.5,False
113.188.8.80,1,1,False,-0.0,0.5,False
113.188.80.91,1,1,False,-0.0,0.5,False
113.188.88.128,1,1,False,-0.0,0.5,False
113.188.92.171,1,1,False,-0.0,0.5,False
113.189.169.44,1,1,False,-0.0,0.5,False
113.189.94.21,1,1,False,-0.0,0.5,False
113.190.142.63,1,1,False,-0.0,0.5,False
113.190.165.5,1,1,False,-0.0,0.5,False
113.190.196.186,1,1,False,-0.0,0.5,False
113.190.20.189,1,1,False,-0.0,0.5,False
113.190.230.199,1,1,False,-0.0,0.5,False
113.190.50.45,1,1,False,-0.0,0.5,False
113.190.80.40,1,1,False,-0.0,0.5,False
113.190.84.14,1,1,False,-0.0,0.5,False
113.190.89.173,1,1,False,-0.0,0.5,False
113.191.134.130,1,1,False,-0.0,0.5,False
113.191.167.251,1,1,False,-0.0,0.5,False
113.191.199.224,1,1,False,-0.0,0.5,False
113.198.219.117,5,3,0,1.37,4.24,False
113.199.227.163,1,1,False,-0.0,0.5,False
113.22.101.144,1,1,False,-0.0,0.5,False
113.23.51.197,1,1,False,-0.0,0.5,False
113.44.103.195,1,1,False,-0.0,0.5,False
114.119.129.167,1,1,False,-0.0,0.5,False
114.119.129.205,1,1,False,-0.0,0.5,False
114.119.130.175,1,1,False,-0.0,0.5,False
114.119.132.104,1,1,False,-0.0,0.5,False
114.119.134.41,1,1,False,-0.0,0.5,False
114.119.134.51,1,1,False,-0.0,0.5,False
114.119.135.207,1,1,False,-0.0,0.5,False
114.119.135.224,1,1,False,-0.0,0.5,False
114.119.135.30,1,1,False,-0.0,0.5,False
114.119.135.63,2,2,0,1.0,3.0,False
114.119.136.245,1,1,False,-0.0,0.5,False
114.119.143.152,1,1,False,-0.0,0.5,False
114.119.145.151,1,1,False,-0.0,0.5,False
114.119.146.126,1,1,False,-0.0,0.5,False
114.119.146.244,1,1,False,-0.0,0.5,False
114.119.146.252,1,1,False,-0.0,0.5,False
114.119.149.71,1,1,False,-0.0,0.5,False
114.119.150.27,1,1,False,-0.0,0.5,False
114.119.153.215,1,1,False,-0.0,0.5,False
114.119.153.49,1,1,False,-0.0,0.5,False
114.119.153.97,1,1,False,-0.0,0.5,False
114.119.155.2,1,1,False,-0.0,0.5,False
114.119.155.230,1,1,False,-0.0,0.5,False
114.119.156.206,1,1,False,-0.0,0.5,False
114.119.156.33,1,1,False,-0.0,0.5,False
114.119.156.38,1,1,False,-0.0,0.5,False
114.119.157.82,1,1,False,-0.0,0.5,False
114.119.158.0,1,1,False,-0.0,0.5,False
115.73.138.131,1,1,False,-0.0,0.5,False
116.101.202.221,1,1,False,-0.0,0.5,False
116.108.17.156,1,1,False,-0.0,0.5,False
116.109.115.31,1,1,False,-0.0,0.5,False
116.136.52.208,1,1,False,-0.0,0.5,False
116.179.32.139,1,1,False,-0.0,0.5,False
116.179.32.179,1,1,False,-0.0,0.5,False
116.179.32.239,1,1,False,-0.0,0.5,False
116.179.32.41,1,1,False,-0.0,0.5,False
116.179.32.50,1,1,False,-0.0,0.5,False
116.179.32.78,1,1,False,-0.0,0.5,False
116.179.37.116,1,1,False,-0.0,0.5,False
116.179.37.13,1,1,False,-0.0,0.5,False
116.179.37.142,1,1,False,-0.0,0.5,False
116.179.37.154,1,1,False,-0.0,0.5,False
116.179.37.181,1,1,False,-0.0,0.5,False
116.179.37.226,1,1,False,-0.0,0.5,False
116.179.37.246,1,1,False,-0.0,0.5,False
116.204.228.99,1,1,False,-0.0,0.5,False
116.96.42.124,1,1,False,-0.0,0.5,False
116.97.107.242,1,1,False,-0.0,0.5,False
116.97.108.169,1,1,False,-0.0,0.5,False
116.98.1.117,1,1,False,-0.0,0.5,False
116.98.243.115,1,1,False,-0.0,0.5,False
116.98.253.183,1,1,False,-0.0,0.5,False
116.99.254.109,1,1,False,-0.0,0.5,False
116.99.255.89,1,1,False,-0.0,0.5,False
117.0.222.144,1,1,False,-0.0,0.5,False
117.2.160.69,1,1,False,-0.0,0.5,False
117.220.33.150,1,1,False,-0.0,0.5,False
117.4.121.243,1,1,False,-0.0,0.5,False
117.4.32.204,1,1,False,-0.0,0.5,False
117.5.143.211,1,1,False,-0.0,0.5,False
117.5.86.252,1,1,False,-0.0,0.5,False
117.6.250.213,1,1,False,-0.0,0.5,False
118.178.122.81,1,1,False,-0.0,0.5,False
118.232.27.152,3,1,0,-0.0,0.5,False
118.70.236.171,1,1,False,-0.0,0.5,False
119.12.187.79,1,1,False,-0.0,0.5,False
119.12.201.28,1,1,False,-0.0,0.5,False
119.160.162.215,1,1,False,-0.0,0.5,False
12.145.167.162,1,1,False,-0.0,0.5,False
12.3.58.186,2,2,0,1.0,3.0,False
12.36.88.226,2,1,0,-0.0,0.5,False
12.75.114.108,1,1,False,-0.0,0.5,False
120.53.221.89,1,1,False,-0.0,0.5,False
120.53.8.182,1,1,False,-0.0,0.5,False
121.229.156.58,1,1,False,-0.0,0.5,False
121.99.4.11,1,1,False,-0.0,0.5,False
121.99.4.12,2,2,0,1.0,3.0,False
121.99.4.13,1,1,False,-0.0,0.5,False
121.99.4.22,1,1,False,-0.0,0.5,False
121.99.4.23,1,1,False,-0.0,0.5,False
121.99.4.27,2,2,0,1.0,3.0,False
122.192.18.155,1,1,False,-0.0,0.5,False
123.16.144.40,1,1,False,-0.0,0.5,False
123.16.146.86,1,1,False,-0.0,0.5,False
123.16.182.117,1,1,False,-0.0,0.5,False
123.16.236.180,1,1,False,-0.0,0.5,False
123.16.55.132,1,1,False,-0.0,0.5,False
123.17.201.124,1,1,False,-0.0,0.5,False
123.17.71.174,1,1,False,-0.0,0.5,False
123.17.87.222,1,1,False,-0.0,0.5,False
123.18.158.51,1,1,False,-0.0,0.5,False
123.18.171.216,1,1,False,-0.0,0.5,False
123.18.27.58,1,1,False,-0.0,0.5,False
123.18.96.124,1,1,False,-0.0,0.5,False
123.19.161.214,1,1,False,-0.0,0.5,False
123.19.24.149,1,1,False,-0.0,0.5,False
123.20.11.164,1,1,False,-0.0,0.5,False
123.20.120.203,1,1,False,-0.0,0.5,False
123.20.135.220,1,1,False,-0.0,0.5,False
123.20.151.123,1,1,False,-0.0,0.5,False
123.20.170.7,1,1,False,-0.0,0.5,False
123.20.183.119,1,1,False,-0.0,0.5,False
123.20.2.22,1,1,False,-0.0,0.5,False
123.20.229.170,1,1,False,-0.0,0.5,False
123.20.242.225,1,1,False,-0.0,0.5,False
123.20.33.128,1,1,False,-0.0,0.5,False
123.20.6.186,1,1,False,-0.0,0.5,False
123.20.76.89,1,1,False,-0.0,0.5,False
123.20.92.55,1,1,False,-0.0,0.5,False
123.21.128.184,1,1,False,-0.0,0.5,False
123.21.184.24,1,1,False,-0.0,0.5,False
123.21.188.96,1,1,False,-0.0,0.5,False
123.21.2.128,1,1,False,-0.0,0.5,False
123.21.203.181,1,1,False,-0.0,0.5,False
123.21.211.7,1,1,False,-0.0,0.5,False
123.21.231.43,1,1,False,-0.0,0.5,False
123.22.157.46,1,1,False,-0.0,0.5,False
123.22.17.134,1,1,False,-0.0,0.5,False
123.22.217.233,1,1,False,-0.0,0.5,False
123.22.235.243,1,1,False,-0.0,0.5,False
123.22.31.251,1,1,False,-0.0,0.5,False
123.22.32.211,1,1,False,-0.0,0.5,False
123.22.59.43,1,1,False,-0.0,0.5,False
123.23.102.217,1,1,False,-0.0,0.5,False
123.23.108.252,1,1,False,-0.0,0.5,False
123.23.11.105,1,1,False,-0.0,0.5,False
123.23.138.37,1,1,False,-0.0,0.5,False
123.23.143.98,1,1,False,-0.0,0.5,False
123.23.145.57,1,1,False,-0.0,0.5,False
123.23.19.221,1,1,False,-0.0,0.5,False
123.23.200.14,1,1,False,-0.0,0.5,False
123.23.203.118,1,1,False,-0.0,0.5,False
123.23.29.240,1,1,False,-0.0,0.5,False
123.24.220.124,1,1,False,-0.0,0.5,False
123.24.220.243,1,1,False,-0.0,0.5,False
123.24.32.171,1,1,False,-0.0,0.5,False
123.24.86.249,1,1,False,-0.0,0.5,False
123.24.86.75,1,1,False,-0.0,0.5,False
123.25.107.30,1,1,False,-0.0,0.5,False
123.25.200.105,1,1,False,-0.0,0.5,False
123.25.216.152,1,1,False,-0.0,0.5,False
123.25.224.73,1,1,False,-0.0,0.5,False
123.25.229.58,1,1,False,-0.0,0.5,False
123.25.81.9,1,1,False,-0.0,0.5,False
123.26.13.93,1,1,False,-0.0,0.5,False
123.26.174.124,1,1,False,-0.0,0.5,False
123.26.214.23,1,1,False,-0.0,0.5,False
123.26.71.62,1,1,False,-0.0,0.5,False
123.27.185.132,1,1,False,-0.0,0.5,False
123.27.207.62,1,1,False,-0.0,0.5,False
123.27.225.88,1,1,False,-0.0,0.5,False
123.27.245.211,1,1,False,-0.0,0.5,False
123.27.91.186,1,1,False,-0.0,0.5,False
123.28.153.39,1,1,False,-0.0,0.5,False
123.28.17.121,1,1,False,-0.0,0.5,False
123.28.171.16,1,1,False,-0.0,0.5,False
123.28.186.184,1,1,False,-0.0,0.5,False
123.28.237.12,1,1,False,-0.0,0.5,False
123.28.237.241,1,1,False,-0.0,0.5,False
123.28.26.111,1,1,False,-0.0,0.5,False
123.28.5.186,1,1,False,-0.0,0.5,False
123.28.82.107,1,1,False,-0.0,0.5,False
123.28.84.194,1,1,False,-0.0,0.5,False
123.28.93.180,1,1,False,-0.0,0.5,False
123.30.121.11,1,1,False,-0.0,0.5,False
123.30.192.252,1,1,False,-0.0,0.5,False
123.30.206.13,1,1,False,-0.0,0.5,False
123.31.122.187,1,1,False,-0.0,0.5,False
123.31.174.117,1,1,False,-0.0,0.5,False
123.31.177.55,1,1,False,-0.0,0.5,False
123.31.180.68,1,1,False,-0.0,0.5,False
123.31.189.176,1,1,False,-0.0,0.5,False
123.31.242.226,1,1,False,-0.0,0.5,False
123.31.73.199,1,1,False,-0.0,0.5,False
123.31.88.134,1,1,False,-0.0,0.5,False
124.13.63.225,1,1,False,-0.0,0.5,False
124.156.170.251,1,1,False,-0.0,0.5,False
125.212.155.111,1,1,False,-0.0,0.5,False
125.235.236.60,1,1,False,-0.0,0.5,False
126.209.73.254,1,1,False,-0.0,0.5,False
128.0.7.7,1,1,False,-0.0,0.5,False
128.104.180.39,8,6,0,2.5,8.0,False
128.234.101.94,1,1,False,-0.0,0.5,False
129.222.64.93,1,1,False,-0.0,0.5,False
129.41.87.7,2,2,0,1.0,3.0,False
129.89.236.176,4,2,0,1.0,3.0,False
13.68.154.222,1,1,False,-0.0,0.5,False
130.204.2.210,1,1,False,-0.0,0.5,False
130.49.216.135,1,1,False,-0.0,0.5,False
131.100.66.253,1,1,False,-0.0,0.5,False
133.11.45.136,1,1,False,-0.0,0.5,False
133.87.179.40,6,4,0,1.92,5.84,False
134.199.90.138,3,3,0,1.58,4.67,False
134.199.90.176,3,3,0,1.58,4.67,False
134.209.11.253,12,10,12,3.25,29.5,True
134.215.151.179,2,2,0,1.0,3.0,False
134.238.163.188,3,1,0,-0.0,0.5,False
135.225.181.160,1,1,False,-0.0,0.5,False
135.232.217.76,2,2,0,1.0,3.0,False
136.110.6.75,2,2,0,1.0,3.0,False
136.117.185.45,1,1,False,-0.0,0.5,False
136.158.57.134,1,1,False,-0.0,0.5,False
136.226.74.255,1,1,False,-0.0,0.5,False
136.227.180.135,3,3,0,1.58,4.67,False
136.243.220.214,2,2,0,1.0,3.0,False
136.49.167.253,2,2,0,1.0,3.0,False
136.62.98.94,2,2,0,1.0,3.0,False
138.0.231.22,1,1,False,-0.0,0.5,False
138.219.246.122,1,1,False,-0.0,0.5,False
138.226.97.35,1,1,False,-0.0,0.5,False
138.91.30.50,1,1,False,-0.0,0.5,False
138.94.127.17,1,1,False,-0.0,0.5,False
138.94.151.110,1,1,False,-0.0,0.5,False
138.99.38.106,1,1,False,-0.0,0.5,False
139.135.241.157,1,1,False,-0.0,0.5,False
139.135.241.247,1,1,False,-0.0,0.5,False
139.59.73.106,298,141,278,7.11,501.72,True
14.160.109.85,1,1,False,-0.0,0.5,False
14.160.154.88,1,1,False,-0.0,0.5,False
14.160.199.178,1,1,False,-0.0,0.5,False
14.160.231.132,1,1,False,-0.0,0.5,False
14.160.250.167,1,1,False,-0.0,0.5,False
14.161.129.2,1,1,False,-0.0,0.5,False
14.161.170.72,1,1,False,-0.0,0.5,False
14.161.174.85,1,1,False,-0.0,0.5,False
14.161.35.103,1,1,False,-0.0,0.5,False
14.161.41.235,1,1,False,-0.0,0.5,False
14.162.205.223,1,1,False,-0.0,0.5,False
14.162.238.193,1,1,False,-0.0,0.5,False
14.162.254.204,1,1,False,-0.0,0.5,False
14.162.50.8,1,1,False,-0.0,0.5,False
14.162.55.26,1,1,False,-0.0,0.5,False
14.162.96.217,1,1,False,-0.0,0.5,False
14.163.123.73,1,1,False,-0.0,0.5,False
14.163.142.246,1,1,False,-0.0,0.5,False
14.163.15.224,1,1,False,-0.0,0.5,False
14.163.151.118,1,1,False,-0.0,0.5,False
14.163.221.227,1,1,False,-0.0,0.5,False
14.163.237.110,1,1,False,-0.0,0.5,False
14.163.241.228,1,1,False,-0.0,0.5,False
14.163.3.90,1,1,False,-0.0,0.5,False
14.164.114.156,1,1,False,-0.0,0.5,False
14.164.157.88,1,1,False,-0.0,0.5,False
14.164.200.13,1,1,False,-0.0,0.5,False
14.164.205.226,1,1,False,-0.0,0.5,False
14.164.218.117,1,1,False,-0.0,0.5,False
14.164.220.86,1,1,False,-0.0,0.5,False
14.164.7.119,1,1,False,-0.0,0.5,False
14.164.84.66,1,1,False,-0.0,0.5,False
14.165.147.2,1,1,False,-0.0,0.5,False
14.165.246.229,1,1,False,-0.0,0.5,False
14.166.133.56,1,1,False,-0.0,0.5,False
14.166.175.187,1,1,False,-0.0,0.5,False
14.166.204.67,1,1,False,-0.0,0.5,False
14.166.221.91,1,1,False,-0.0,0.5,False
14.166.51.224,1,1,False,-0.0,0.5,False
14.166.85.162,1,1,False,-0.0,0.5,False
14.167.169.190,1,1,False,-0.0,0.5,False
14.167.217.107,1,1,False,-0.0,0.5,False
14.167.87.250,1,1,False,-0.0,0.5,False
14.168.1.185,1,1,False,-0.0,0.5,False
14.168.11.118,1,1,False,-0.0,0.5,False
14.168.161.117,1,1,False,-0.0,0.5,False
14.168.205.108,1,1,False,-0.0,0.5,False
14.168.207.242,1,1,False,-0.0,0.5,False
14.168.225.241,1,1,False,-0.0,0.5,False
14.168.241.249,1,1,False,-0.0,0.5,False
14.168.87.247,1,1,False,-0.0,0.5,False
14.168.93.48,1,1,False,-0.0,0.5,False
14.169.110.106,1,1,False,-0.0,0.5,False
14.169.13.121,2,2,0,1.0,3.0,False
14.169.143.237,1,1,False,-0.0,0.5,False
14.169.166.236,1,1,False,-0.0,0.5,False
14.169.202.227,1,1,False,-0.0,0.5,False
14.169.217.109,1,1,False,-0.0,0.5,False
14.169.32.96,1,1,False,-0.0,0.5,False
14.169.37.208,1,1,False,-0.0,0.5,False
14.169.41.237,1,1,False,-0.0,0.5,False
14.169.45.80,1,1,False,-0.0,0.5,False
14.169.98.203,1,1,False,-0.0,0.5,False
14.170.134.49,1,1,False,-0.0,0.5,False
14.170.164.71,1,1,False,-0.0,0.5,False
14.170.200.80,1,1,False,-0.0,0.5,False
14.170.203.52,1,1,False,-0.0,0.5,False
14.170.52.158,1,1,False,-0.0,0.5,False
14.170.56.181,1,1,False,-0.0,0.5,False
14.170.9.76,1,1,False,-0.0,0.5,False
14.171.18.112,1,1,False,-0.0,0.5,False
14.171.181.38,1,1,False,-0.0,0.5,False
14.171.227.182,1,1,False,-0.0,0.5,False
14.171.236.76,1,1,False,-0.0,0.5,False
14.171.66.60,1,1,False,-0.0,0.5,False
14.172.115.254,1,1,False,-0.0,0.5,False
14.172.151.42,1,1,False,-0.0,0.5,False
14.172.167.205,1,1,False,-0.0,0.5,False
14.172.180.109,1,1,False,-0.0,0.5,False
14.172.203.139,1,1,False,-0.0,0.5,False
14.172.208.6,1,1,False,-0.0,0.5,False
14.172.231.26,1,1,False,-0.0,0.5,False
14.172.232.38,1,1,False,-0.0,0.5,False
14.172.245.91,1,1,False,-0.0,0.5,False
14.172.82.99,1,1,False,-0.0,0.5,False
14.172.88.196,1,1,False,-0.0,0.5,False
14.173.104.214,1,1,False,-0.0,0.5,False
14.173.183.111,1,1,False,-0.0,0.5,False
14.173.205.135,1,1,False,-0.0,0.5,False
14.173.28.164,1,1,False,-0.0,0.5,False
14.173.48.35,1,1,False,-0.0,0.5,False
14.174.167.13,1,1,False,-0.0,0.5,False
14.175.11.51,1,1,False,-0.0,0.5,False
14.175.110.189,1,1,False,-0.0,0.5,False
14.175.110.28,1,1,False,-0.0,0.5,False
14.175.84.45,1,1,False,-0.0,0.5,False
14.176.139.47,1,1,False,-0.0,0.5,False
14.176.157.64,1,1,False,-0.0,0.5,False
14.176.234.106,1,1,False,-0.0,0.5,False
14.176.99.75,1,1,False,-0.0,0.5,False
14.177.106.30,1,1,False,-0.0,0.5,False
14.177.166.238,1,1,False,-0.0,0.5,False
14.177.170.4,1,1,False,-0.0,0.5,False
14.177.191.24,1,1,False,-0.0,0.5,False
14.177.226.5,1,1,False,-0.0,0.5,False
14.177.255.85,1,1,False,-0.0,0.5,False
14.178.134.220,1,1,False,-0.0,0.5,False
14.178.171.190,1,1,False,-0.0,0.5,False
14.178.203.253,1,1,False,-0.0,0.5,False
14.178.39.59,1,1,False,-0.0,0.5,False
14.179.110.82,1,1,False,-0.0,0.5,False
14.179.111.207,1,1,False,-0.0,0.5,False
14.179.122.251,1,1,False,-0.0,0.5,False
14.179.133.157,1,1,False,-0.0,0.5,False
14.179.170.243,1,1,False,-0.0,0.5,False
14.179.19.204,1,1,False,-0.0,0.5,False
14.179.197.200,1,1,False,-0.0,0.5,False
14.179.197.43,1,1,False,-0.0,0.5,False
14.179.201.17,1,1,False,-0.0,0.5,False
14.179.236.244,1,1,False,-0.0,0.5,False
14.179.40.224,1,1,False,-0.0,0.5,False
14.179.41.20,1,1,False,-0.0,0.5,False
14.179.49.200,1,1,False,-0.0,0.5,False
14.179.59.150,1,1,False,-0.0,0.5,False
14.179.69.68,1,1,False,-0.0,0.5,False
14.179.98.132,1,1,False,-0.0,0.5,False
14.180.207.47,1,1,False,-0.0,0.5,False
14.180.55.239,1,1,False,-0.0,0.5,False
14.180.57.124,1,1,False,-0.0,0.5,False
14.180.67.14,1,1,False,-0.0,0.5,False
14.180.98.227,1,1,False,-0.0,0.5,False
14.181.181.20,1,1,False,-0.0,0.5,False
14.181.75.57,1,1,False,-0.0,0.5,False
14.182.1.118,1,1,False,-0.0,0.5,False
14.182.137.161,1,1,False,-0.0,0.5,False
14.182.187.239,1,1,False,-0.0,0.5,False
14.182.38.37,1,1,False,-0.0,0.5,False
14.183.114.85,1,1,False,-0.0,0.5,False
14.183.128.98,1,1,False,-0.0,0.5,False
14.183.213.126,1,1,False,-0.0,0.5,False
14.183.245.224,1,1,False,-0.0,0.5,False
14.183.44.81,1,1,False,-0.0,0.5,False
14.183.49.121,1,1,False,-0.0,0.5,False
14.184.114.103,1,1,False,-0.0,0.5,False
14.184.127.246,1,1,False,-0.0,0.5,False
14.184.190.198,1,1,False,-0.0,0.5,False
14.184.214.59,1,1,False,-0.0,0.5,False
14.184.36.153,1,1,False,-0.0,0.5,False
14.184.5.180,1,1,False,-0.0,0.5,False
14.184.65.146,1,1,False,-0.0,0.5,False
14.184.83.241,1,1,False,-0.0,0.5,False
14.185.0.164,1,1,False,-0.0,0.5,False
14.185.222.227,1,1,False,-0.0,0.5,False
14.186.133.195,1,1,False,-0.0,0.5,False
14.186.142.149,1,1,False,-0.0,0.5,False
14.186.143.32,1,1,False,-0.0,0.5,False
14.186.160.49,1,1,False,-0.0,0.5,False
14.186.173.14,1,1,False,-0.0,0.5,False
14.186.191.239,1,1,False,-0.0,0.5,False
14.186.194.152,1,1,False,-0.0,0.5,False
14.186.85.64,1,1,False,-0.0,0.5,False
14.186.98.148,1,1,False,-0.0,0.5,False
14.187.129.195,1,1,False,-0.0,0.5,False
14.187.163.154,1,1,False,-0.0,0.5,False
14.187.214.191,1,1,False,-0.0,0.5,False
14.187.24.23,1,1,False,-0.0,0.5,False
14.187.28.199,1,1,False,-0.0,0.5,False
14.187.45.33,1,1,False,-0.0,0.5,False
14.187.60.29,1,1,False,-0.0,0.5,False
14.187.64.88,1,1,False,-0.0,0.5,False
14.187.65.8,1,1,False,-0.0,0.5,False
14.188.127.29,1,1,False,-0.0,0.5,False
14.188.166.179,1,1,False,-0.0,0.5,False
14.188.19.235,1,1,False,-0.0,0.5,False
14.188.195.23,1,1,False,-0.0,0.5,False
14.188.198.48,1,1,False,-0.0,0.5,False
14.188.220.243,1,1,False,-0.0,0.5,False
14.188.248.252,1,1,False,-0.0,0.5,False
14.188.58.188,1,1,False,-0.0,0.5,False
14.188.90.227,1,1,False,-0.0,0.5,False
14.189.102.105,1,1,False,-0.0,0.5,False
14.189.127.205,1,1,False,-0.0,0.5,False
14.189.136.54,1,1,False,-0.0,0.5,False
14.189.144.74,1,1,False,-0.0,0.5,False
14.189.148.130,1,1,False,-0.0,0.5,False
14.189.32.65,1,1,False,-0.0,0.5,False
14.189.46.120,1,1,False,-0.0,0.5,False
14.189.82.216,1,1,False,-0.0,0.5,False
14.190.122.31,1,1,False,-0.0,0.5,False
14.190.199.10,1,1,False,-0.0,0.5,False
14.190.219.79,1,1,False,-0.0,0.5,False
14.190.36.27,1,1,False,-0.0,0.5,False
14.190.47.185,1,1,False,-0.0,0.5,False
14.190.6.205,1,1,False,-0.0,0.5,False
14.190.62.192,1,1,False,-0.0,0.5,False
14.190.7.208,1,1,False,-0.0,0.5,False
14.191.10.176,1,1,False,-0.0,0.5,False
14.191.100.89,1,1,False,-0.0,0.5,False
14.191.103.115,1,1,False,-0.0,0.5,False
14.191.104.74,1,1,False,-0.0,0.5,False
14.191.11.100,1,1,False,-0.0,0.5,False
14.191.113.230,1,1,False,-0.0,0.5,False
14.191.115.131,1,1,False,-0.0,0.5,False
14.191.129.34,1,1,False,-0.0,0.5,False
14.191.132.180,1,1,False,-0.0,0.5,False
14.191.136.128,1,1,False,-0.0,0.5,False
14.191.137.22,1,1,False,-0.0,0.5,False
14.191.137.227,1,1,False,-0.0,0.5,False
14.191.140.222,1,1,False,-0.0,0.5,False
14.191.141.11,1,1,False,-0.0,0.5,False
14.191.147.92,1,1,False,-0.0,0.5,False
14.191.152.173,1,1,False,-0.0,0.5,False
14.191.159.156,1,1,False,-0.0,0.5,False
14.191.159.62,1,1,False,-0.0,0.5,False
14.191.160.91,1,1,False,-0.0,0.5,False
14.191.161.30,1,1,False,-0.0,0.5,False
14.191.162.113,1,1,False,-0.0,0.5,False
14.191.163.175,1,1,False,-0.0,0.5,False
14.191.163.178,1,1,False,-0.0,0.5,False
14.191.164.114,1,1,False,-0.0,0.5,False
14.191.166.238,1,1,False,-0.0,0.5,False
14.191.167.227,1,1,False,-0.0,0.5,False
14.191.178.207,1,1,False,-0.0,0.5,False
14.191.179.107,1,1,False,-0.0,0.5,False
14.191.187.114,1,1,False,-0.0,0.5,False
14.191.19.117,1,1,False,-0.0,0.5,False
14.191.190.164,1,1,False,-0.0,0.5,False
14.191.192.229,1,1,False,-0.0,0.5,False
14.191.194.217,1,1,False,-0.0,0.5,False
14.191.196.148,1,1,False,-0.0,0.5,False
14.191.199.123,1,1,False,-0.0,0.5,False
14.191.201.87,1,1,False,-0.0,0.5,False
14.191.202.34,1,1,False,-0.0,0.5,False
14.191.205.203,1,1,False,-0.0,0.5,False
14.191.214.255,1,1,False,-0.0,0.5,False
14.191.215.132,1,1,False,-0.0,0.5,False
14.191.22.167,1,1,False,-0.0,0.5,False
14.191.22.57,1,1,False,-0.0,0.5,False
14.191.221.233,1,1,False,-0.0,0.5,False
14.191.223.170,1,1,False,-0.0,0.5,False
14.191.223.188,1,1,False,-0.0,0.5,False
14.191.223.37,1,1,False,-0.0,0.5,False
14.191.223.4,1,1,False,-0.0,0.5,False
14.191.226.246,1,1,False,-0.0,0.5,False
14.191.228.103,1,1,False,-0.0,0.5,False
14.191.228.66,1,1,False,-0.0,0.5,False
14.191.229.233,1,1,False,-0.0,0.5,False
14.191.229.83,1,1,False,-0.0,0.5,False
14.191.244.54,1,1,False,-0.0,0.5,False
14.191.245.203,1,1,False,-0.0,0.5,False
14.191.252.175,1,1,False,-0.0,0.5,False
14.191.26.30,1,1,False,-0.0,0.5,False
14.191.28.83,1,1,False,-0.0,0.5,False
14.191.30.160,1,1,False,-0.0,0.5,False
14.191.31.161,1,1,False,-0.0,0.5,False
14.191.31.230,1,1,False,-0.0,0.5,False
14.191.32.98,1,1,False,-0.0,0.5,False
14.191.34.206,1,1,False,-0.0,0.5,False
14.191.37.210,1,1,False,-0.0,0.5,False
14.191.38.105,1,1,False,-0.0,0.5,False
14.191.38.163,1,1,False,-0.0,0.5,False
14.191.39.67,1,1,False,-0.0,0.5,False
14.191.42.192,1,1,False,-0.0,0.5,False
14.191.46.74,1,1,False,-0.0,0.5,False
14.191.51.220,1,1,False,-0.0,0.5,False
14.191.53.143,1,1,False,-0.0,0.5,False
14.191.53.210,1,1,False,-0.0,0.5,False
14.191.59.238,1,1,False,-0.0,0.5,False
14.191.6.130,1,1,False,-0.0,0.5,False
14.191.60.221,1,1,False,-0.0,0.5,False
14.191.60.249,1,1,False,-0.0,0.5,False
14.191.68.116,1,1,False,-0.0,0.5,False
14.191.68.137,1,1,False,-0.0,0.5,False
14.191.68.25,1,1,False,-0.0,0.5,False
14.191.77.48,1,1,False,-0.0,0.5,False
14.191.8.94,1,1,False,-0.0,0.5,False
14.191.81.175,1,1,False,-0.0,0.5,False
14.191.82.206,1,1,False,-0.0,0.5,False
14.191.82.74,1,1,False,-0.0,0.5,False
14.191.83.226,1,1,False,-0.0,0.5,False
14.191.84.89,1,1,False,-0.0,0.5,False
14.191.87.194,1,1,False,-0.0,0.5,False
14.191.88.56,1,1,False,-0.0,0.5,False
14.191.90.83,1,1,False,-0.0,0.5,False
14.191.91.212,1,1,False,-0.0,0.5,False
14.191.92.110,1,1,False,-0.0,0.5,False
14.191.93.151,1,1,False,-0.0,0.5,False
14.191.93.236,1,1,False,-0.0,0.5,False
14.191.93.28,1,1,False,-0.0,0.5,False
14.191.93.34,1,1,False,-0.0,0.5,False
14.191.94.205,1,1,False,-0.0,0.5,False
14.191.94.243,1,1,False,-0.0,0.5,False
14.191.95.150,1,1,False,-0.0,0.5,False
14.224.155.52,1,1,False,-0.0,0.5,False
14.224.19.8,1,1,False,-0.0,0.5,False
14.224.69.71,1,1,False,-0.0,0.5,False
14.225.51.62,1,1,False,-0.0,0.5,False
14.225.62.185,1,1,False,-0.0,0.5,False
14.225.62.66,1,1,False,-0.0,0.5,False
14.226.175.124,1,1,False,-0.0,0.5,False
14.226.196.239,1,1,False,-0.0,0.5,False
14.226.212.113,1,1,False,-0.0,0.5,False
14.226.237.122,1,1,False,-0.0,0.5,False
14.227.139.199,1,1,False,-0.0,0.5,False
14.227.93.75,1,1,False,-0.0,0.5,False
14.228.213.246,1,1,False,-0.0,0.5,False
14.228.48.41,1,1,False,-0.0,0.5,False
14.229.0.193,1,1,False,-0.0,0.5,False
14.229.191.173,1,1,False,-0.0,0.5,False
14.229.55.196,1,1,False,-0.0,0.5,False
14.229.57.5,1,1,False,-0.0,0.5,False
14.229.77.187,1,1,False,-0.0,0.5,False
14.230.114.72,1,1,False,-0.0,0.5,False
14.230.35.59,1,1,False,-0.0,0.5,False
14.230.44.202,1,1,False,-0.0,0.5,False
14.231.11.219,1,1,False,-0.0,0.5,False
14.231.13.31,1,1,False,-0.0,0.5,False
14.231.18.37,1,1,False,-0.0,0.5,False
14.231.21.26,1,1,False,-0.0,0.5,False
14.231.23.165,1,1,False,-0.0,0.5,False
14.231.47.132,1,1,False,-0.0,0.5,False
14.231.49.224,1,1,False,-0.0,0.5,False
14.231.56.212,1,1,False,-0.0,0.5,False
14.231.60.121,1,1,False,-0.0,0.5,False
14.231.92.249,1,1,False,-0.0,0.5,False
14.231.96.131,1,1,False,-0.0,0.5,False
14.231.98.134,1,1,False,-0.0,0.5,False
14.232.111.92,1,1,False,-0.0,0.5,False
14.232.115.69,1,1,False,-0.0,0.5,False
14.232.118.24,1,1,False,-0.0,0.5,False
14.232.144.15,1,1,False,-0.0,0.5,False
14.232.20.91,1,1,False,-0.0,0.5,False
14.232.220.220,1,1,False,-0.0,0.5,False
14.232.254.85,1,1,False,-0.0,0.5,False
14.232.41.252,1,1,False,-0.0,0.5,False
14.232.42.38,1,1,False,-0.0,0.5,False
14.232.52.5,1,1,False,-0.0,0.5,False
14.233.105.212,1,1,False,-0.0,0.5,False
14.233.16.185,1,1,False,-0.0,0.5,False
14.234.167.12,1,1,False,-0.0,0.5,False
14.234.171.129,1,1,False,-0.0,0.5,False
14.234.176.245,1,1,False,-0.0,0.5,False
14.234.20.71,1,1,False,-0.0,0.5,False
14.234.206.0,1,1,False,-0.0,0.5,False
14.234.212.236,1,1,False,-0.0,0.5,False
14.234.248.138,1,1,False,-0.0,0.5,False
14.234.254.113,1,1,False,-0.0,0.5,False
14.234.47.140,1,1,False,-0.0,0.5,False
14.234.57.168,1,1,False,-0.0,0.5,False
14.234.57.249,1,1,False,-0.0,0.5,False
14.234.68.108,1,1,False,-0.0,0.5,False
14.234.93.59,1,1,False,-0.0,0.5,False
14.234.97.26,1,1,False,-0.0,0.5,False
14.235.153.207,1,1,False,-0.0,0.5,False
14.235.158.185,1,1,False,-0.0,0.5,False
14.235.172.172,1,1,False,-0.0,0.5,False
14.235.178.211,1,1,False,-0.0,0.5,False
14.235.190.24,1,1,False,-0.0,0.5,False
14.235.8.86,1,1,False,-0.0,0.5,False
14.236.56.233,1,1,False,-0.0,0.5,False
14.237.135.30,1,1,False,-0.0,0.5,False
14.237.169.172,1,1,False,-0.0,0.5,False
14.237.192.80,1,1,False,-0.0,0.5,False
14.237.196.123,1,1,False,-0.0,0.5,False
14.237.202.189,1,1,False,-0.0,0.5,False
14.237.203.62,1,1,False,-0.0,0.5,False
14.237.247.174,1,1,False,-0.0,0.5,False
14.237.4.233,1,1,False,-0.0,0.5,False
14.237.59.58,1,1,False,-0.0,0.5,False
14.237.6.132,1,1,False,-0.0,0.5,False
14.239.17.125,1,1,False,-0.0,0.5,False
14.239.184.50,1,1,False,-0.0,0.5,False
14.239.217.117,1,1,False,-0.0,0.5,False
14.239.31.35,1,1,False,-0.0,0.5,False
14.240.137.137,1,1,False,-0.0,0.5,False
14.240.215.162,1,1,False,-0.0,0.5,False
14.240.33.150,1,1,False,-0.0,0.5,False
14.240.79.113,1,1,False,-0.0,0.5,False
14.240.88.169,1,1,False,-0.0,0.5,False
14.241.251.242,1,1,False,-0.0,0.5,False
14.242.182.40,1,1,False,-0.0,0.5,False
14.243.41.171,1,1,False,-0.0,0.5,False
14.244.215.183,1,1,False,-0.0,0.5,False
14.244.239.97,1,1,False,-0.0,0.5,False
14.244.29.23,1,1,False,-0.0,0.5,False
14.245.116.206,1,1,False,-0.0,0.5,False
14.245.48.223,1,1,False,-0.0,0.5,False
14.247.245.220,1,1,False,-0.0,0.5,False
14.247.95.221,1,1,False,-0.0,0.5,False
14.248.207.198,1,1,False,-0.0,0.5,False
14.248.22.27,1,1,False,-0.0,0.5,False
14.248.27.47,1,1,False,-0.0,0.5,False
14.249.20.92,1,1,False,-0.0,0.5,False
14.249.252.220,1,1,False,-0.0,0.5,False
14.249.9.236,1,1,False,-0.0,0.5,False
14.250.133.251,1,1,False,-0.0,0.5,False
14.250.157.168,1,1,False,-0.0,0.5,False
14.252.30.137,1,1,False,-0.0,0.5,False
14.252.30.229,1,1,False,-0.0,0.5,False
14.254.119.228,1,1,False,-0.0,0.5,False
14.255.106.169,1,1,False,-0.0,0.5,False
140.186.197.118,2,2,0,1.0,3.0,False
141.111.178.143,1,1,False,-0.0,0.5,False
141.136.13.27,1,1,False,-0.0,0.5,False
141.239.83.89,1,1,False,-0.0,0.5,False
142.111.213.110,1,1,False,-0.0,0.5,False
142.116.81.233,4,3,0,1.5,4.5,False
142.204.206.87,2,2,0,1.0,3.0,False
142.248.80.139,4,1,0,-0.0,0.5,False
143.105.1.9,5,1,0,-0.0,0.5,False
143.170.172.34,1,1,False,-0.0,0.5,False
143.170.172.98,1,1,False,-0.0,0.5,False
143.198.45.0,149,141,139,7.11,293.22,True
144.76.15.151,1,1,False,-0.0,0.5,False
146.179.87.39,4,4,0,2.0,6.0,False
146.75.154.54,2,2,0,1.0,3.0,False
146.75.164.16,2,2,0,1.0,3.0,False
146.75.164.235,2,2,0,1.0,3.0,False
146.75.165.24,2,2,0,1.0,3.0,False
146.75.165.25,4,2,0,1.0,3.0,False
147.219.179.143,2,2,0,1.0,3.0,False
147.219.77.193,2,2,0,1.0,3.0,False
148.184.174.62,1,1,False,-0.0,0.5,False
149.200.189.136,1,1,False,-0.0,0.5,False
149.86.131.26,1,1,False,-0.0,0.5,False
15.164.250.102,1,1,False,-0.0,0.5,False
15.204.155.25,14,5,3,1.99,10.97,True
15.216.181.138,2,2,0,1.0,3.0,False
150.108.240.123,2,2,0,1.0,3.0,False
150.109.104.254,1,1,False,-0.0,0.5,False
150.109.120.82,1,1,False,-0.0,0.5,False
151.197.188.112,2,2,0,1.0,3.0,False
152.136.170.195,1,1,False,-0.0,0.5,False
152.201.112.171,1,1,False,-0.0,0.5,False
152.202.89.91,1,1,False,-0.0,0.5,False
152.231.27.243,1,1,False,-0.0,0.5,False
152.237.139.237,1,1,False,-0.0,0.5,False
152.3.43.44,2,2,0,1.0,3.0,False
152.56.14.157,1,1,False,-0.0,0.5,False
154.116.60.217,1,1,False,-0.0,0.5,False
154.121.145.31,1,1,False,-0.0,0.5,False
154.121.36.14,1,1,False,-0.0,0.5,False
154.125.181.23,1,1,False,-0.0,0.5,False
154.216.242.176,1,1,False,-0.0,0.5,False
154.251.15.119,1,1,False,-0.0,0.5,False
154.30.75.103,1,1,False,-0.0,0.5,False
154.36.79.11,1,1,False,-0.0,0.5,False
154.54.249.203,1,1,False,-0.0,0.5,False
154.59.59.249,1,1,False,-0.0,0.5,False
156.38.50.121,1,1,False,-0.0,0.5,False
157.230.242.69,2,2,1,1.0,4.5,False
157.245.66.141,176,120,50,6.82,148.65,True
157.48.102.92,1,1,False,-0.0,0.5,False
157.49.14.52,1,1,False,-0.0,0.5,False
157.49.182.28,1,1,False,-0.0,0.5,False
157.55.39.10,1,1,False,-0.0,0.5,False
157.55.39.12,1,1,False,-0.0,0.5,False
157.55.39.13,2,2,0,1.0,3.0,False
157.55.39.15,1,1,False,-0.0,0.5,False
157.55.39.192,1,1,False,-0.0,0.5,False
157.55.39.193,2,2,0,1.0,3.0,False
157.55.39.196,3,3,0,1.58,4.67,False
157.55.39.197,1,1,False,-0.0,0.5,False
157.55.39.200,1,1,False,-0.0,0.5,False
157.55.39.202,1,1,False,-0.0,0.5,False
157.55.39.203,1,1,False,-0.0,0.5,False
157.55.39.48,2,1,0,-0.0,0.5,False
157.55.39.53,1,1,False,-0.0,0.5,False
157.55.39.57,1,1,False,-0.0,0.5,False
157.55.39.58,3,2,0,0.92,2.84,False
157.55.39.59,1,1,False,-0.0,0.5,False
157.55.39.6,1,1,False,-0.0,0.5,False
157.55.39.9,1,1,False,-0.0,0.5,False
158.174.187.55,2,2,0,1.0,3.0,False
159.0.19.18,1,1,False,-0.0,0.5,False
159.138.108.247,1,1,False,-0.0,0.5,False
159.148.218.166,1,1,False,-0.0,0.5,False
16.79.95.35,1,1,False,-0.0,0.5,False
160.177.174.226,1,1,False,-0.0,0.5,False
160.191.38.26,1,1,False,-0.0,0.5,False
161.123.105.219,1,1,False,-0.0,0.5,False
161.22.106.162,1,1,False,-0.0,0.5,False
162.120.185.199,1,1,False,-0.0,0.5,False
162.120.186.91,1,1,False,-0.0,0.5,False
162.120.188.121,1,1,False,-0.0,0.5,False
162.128.130.142,1,1,False,-0.0,0.5,False
162.128.130.29,1,1,False,-0.0,0.5,False
162.128.159.123,1,1,False,-0.0,0.5,False
162.128.163.136,1,1,False,-0.0,0.5,False
162.128.163.190,1,1,False,-0.0,0.5,False
162.230.94.239,12,2,0,1.0,3.0,False
162.55.94.176,1,1,False,-0.0,0.5,False
165.124.85.75,8,2,0,1.0,3.0,False
165.16.27.23,1,1,False,-0.0,0.5,False
165.225.58.103,2,2,0,1.0,3.0,False
165.91.13.12,1,1,False,-0.0,0.5,False
166.108.227.216,1,1,False,-0.0,0.5,False
166.198.252.8,2,2,0,1.0,3.0,False
166.88.140.11,1,1,False,-0.0,0.5,False
167.0.194.106,1,1,False,-0.0,0.5,False
167.160.167.161,1,1,False,-0.0,0.5,False
168.149.70.133,1,1,False,-0.0,0.5,False
168.181.121.31,1,1,False,-0.0,0.5,False
168.62.56.112,1,1,False,-0.0,0.5,False
169.224.122.98,1,1,False,-0.0,0.5,False
169.224.16.231,1,1,False,-0.0,0.5,False
169.224.22.154,1,1,False,-0.0,0.5,False
169.224.23.90,1,1,False,-0.0,0.5,False
169.224.32.126,1,1,False,-0.0,0.5,False
169.224.94.68,1,1,False,-0.0,0.5,False
169.239.203.128,1,1,False,-0.0,0.5,False
169.239.203.171,1,1,False,-0.0,0.5,False
169.239.203.184,1,1,False,-0.0,0.5,False
169.239.203.194,1,1,False,-0.0,0.5,False
169.239.203.24,1,1,False,-0.0,0.5,False
169.239.203.5,1,1,False,-0.0,0.5,False
169.239.203.72,1,1,False,-0.0,0.5,False
169.239.203.76,1,1,False,-0.0,0.5,False
169.239.203.78,1,1,False,-0.0,0.5,False
169.239.203.80,1,1,False,-0.0,0.5,False
17.22.245.254,1,1,False,-0.0,0.5,False
17.22.253.104,1,1,False,-0.0,0.5,False
17.22.253.88,1,1,False,-0.0,0.5,False
17.22.253.98,1,1,False,-0.0,0.5,False
17.241.219.188,1,1,False,-0.0,0.5,False
17.241.219.26,1,1,False,-0.0,0.5,False
17.241.227.42,1,1,False,-0.0,0.5,False
17.246.15.149,1,1,False,-0.0,0.5,False
17.246.15.231,1,1,False,-0.0,0.5,False
17.246.19.129,1,1,False,-0.0,0.5,False
170.150.25.52,1,1,False,-0.0,0.5,False
170.158.173.115,1,1,False,-0.0,0.5,False
170.212.0.133,1,1,False,-0.0,0.5,False
170.23.10.3,1,1,False,-0.0,0.5,False
170.23.25.35,1,1,False,-0.0,0.5,False
170.64.230.59,149,141,139,7.11,293.22,True
170.80.61.200,1,1,False,-0.0,0.5,False
170.84.216.4,1,1,False,-0.0,0.5,False
170.84.94.85,1,1,False,-0.0,0.5,False
171.225.184.146,1,1,False,-0.0,0.5,False
171.225.198.59,1,1,False,-0.0,0.5,False
171.225.199.202,1,1,False,-0.0,0.5,False
171.225.208.136,1,1,False,-0.0,0.5,False
171.225.209.237,1,1,False,-0.0,0.5,False
171.232.114.103,1,1,False,-0.0,0.5,False
171.234.11.24,1,1,False,-0.0,0.5,False
171.234.13.173,1,1,False,-0.0,0.5,False
171.234.193.127,1,1,False,-0.0,0.5,False
171.234.8.179,1,1,False,-0.0,0.5,False
171.243.63.16,1,1,False,-0.0,0.5,False
171.250.162.167,1,1,False,-0.0,0.5,False
171.250.166.203,1,1,False,-0.0,0.5,False
171.251.235.49,1,1,False,-0.0,0.5,False
171.251.236.235,1,1,False,-0.0,0.5,False
171.251.237.203,1,1,False,-0.0,0.5,False
171.251.237.34,1,1,False,-0.0,0.5,False
171.251.239.179,1,1,False,-0.0,0.5,False
171.252.155.120,1,1,False,-0.0,0.5,False
171.252.188.85,1,1,False,-0.0,0.5,False
171.252.210.9,1,1,False,-0.0,0.5,False
171.6.234.1,1,1,False,-0.0,0.5,False
172.113.154.189,3,1,0,-0.0,0.5,False
172.121.211.152,1,1,False,-0.0,0.5,False
172.121.211.156,1,1,False,-0.0,0.5,False
172.121.211.173,1,1,False,-0.0,0.5,False
172.121.211.198,1,1,False,-0.0,0.5,False
172.121.211.24,1,1,False,-0.0,0.5,False
172.121.211.247,1,1,False,-0.0,0.5,False
172.121.211.32,1,1,False,-0.0,0.5,False
172.121.211.51,1,1,False,-0.0,0.5,False
172.121.211.91,1,1,False,-0.0,0.5,False
172.121.211.97,1,1,False,-0.0,0.5,False
172.213.25.189,32,32,32,5.0,74.0,True
172.226.122.41,2,2,0,1.0,3.0,False
172.226.188.212,1,1,False,-0.0,0.5,False
172.56.29.60,2,2,0,1.0,3.0,False
172.56.35.51,2,2,0,1.0,3.0,False
172.56.4.70,2,2,0,1.0,3.0,False
172.56.5.139,2,2,0,1.0,3.0,False
172.58.211.175,1,1,False,-0.0,0.5,False
172.58.241.243,2,1,0,-0.0,0.5,False
172.58.242.84,1,1,False,-0.0,0.5,False
172.59.209.214,2,1,0,-0.0,0.5,False
173.207.22.81,2,2,0,1.0,3.0,False
173.252.79.1,1,1,False,-0.0,0.5,False
173.252.79.115,1,1,False,-0.0,0.5,False
173.252.79.5,1,1,False,-0.0,0.5,False
173.252.82.19,2,2,0,1.0,3.0,False
173.252.82.4,1,1,False,-0.0,0.5,False
173.252.83.10,1,1,False,-0.0,0.5,False
173.252.83.2,1,1,False,-0.0,0.5,False
173.252.83.5,1,1,False,-0.0,0.5,False
174.16.101.93,1,1,False,-0.0,0.5,False
174.163.179.148,6,2,0,1.0,3.0,False
174.175.132.168,2,2,0,1.0,3.0,False
174.192.198.79,2,2,0,1.0,3.0,False
174.194.100.117,2,2,0,1.0,3.0,False
174.194.68.255,2,2,0,1.0,3.0,False
174.196.131.10,2,2,0,1.0,3.0,False
174.197.202.155,2,2,0,1.0,3.0,False
174.201.236.224,4,4,0,2.0,6.0,False
174.211.105.0,2,2,0,1.0,3.0,False
174.224.172.51,2,2,0,1.0,3.0,False
174.224.190.201,1,1,False,-0.0,0.5,False
174.224.227.125,2,1,0,-0.0,0.5,False
174.225.17.166,2,2,0,1.0,3.0,False
174.232.100.221,1,1,False,-0.0,0.5,False
174.82.202.61,4,2,0,1.0,3.0,False
175.100.56.59,1,1,False,-0.0,0.5,False
176.106.228.107,1,1,False,-0.0,0.5,False
176.41.180.157,1,1,False,-0.0,0.5,False
177.245.237.19,1,1,False,-0.0,0.5,False
177.45.211.51,1,1,False,-0.0,0.5,False
177.75.38.42,1,1,False,-0.0,0.5,False
178.156.234.104,1,1,False,-0.0,0.5,False
178.165.6.194,1,1,False,-0.0,0.5,False
178.170.158.251,1,1,False,-0.0,0.5,False
179.0.49.60,1,1,False,-0.0,0.5,False
179.127.69.48,1,1,False,-0.0,0.5,False
179.15.17.153,1,1,False,-0.0,0.5,False
18.101.186.100,1,1,False,-0.0,0.5,False
18.201.163.223,7,7,0,2.81,9.11,False
18.218.175.77,1,1,False,-0.0,0.5,False
18.218.84.234,1,1,False,-0.0,0.5,False
18.246.171.62,1,1,False,-0.0,0.5,False
18.97.9.97,1,1,False,-0.0,0.5,False
180.153.197.126,1,1,False,-0.0,0.5,False
180.181.69.189,1,1,False,-0.0,0.5,False
180.214.149.223,1,1,False,-0.0,0.5,False
180.74.217.74,1,1,False,-0.0,0.5,False
181.104.39.78,1,1,False,-0.0,0.5,False
181.117.184.189,1,1,False,-0.0,0.5,False
181.117.80.122,1,1,False,-0.0,0.5,False
181.129.162.130,1,1,False,-0.0,0.5,False
181.177.121.6,1,1,False,-0.0,0.5,False
181.191.230.16,1,1,False,-0.0,0.5,False
181.197.84.167,1,1,False,-0.0,0.5,False
181.215.195.186,3,3,0,1.58,4.67,False
181.215.50.43,1,1,False,-0.0,0.5,False
181.229.125.4,1,1,False,-0.0,0.5,False
181.234.19.137,1,1,False,-0.0,0.5,False
181.45.117.135,1,1,False,-0.0,0.5,False
181.45.203.194,1,1,False,-0.0,0.5,False
181.46.136.167,1,1,False,-0.0,0.5,False
181.46.69.189,1,1,False,-0.0,0.5,False
181.47.126.5,1,1,False,-0.0,0.5,False
181.53.28.139,1,1,False,-0.0,0.5,False
181.86.195.179,1,1,False,-0.0,0.5,False
181.87.250.238,1,1,False,-0.0,0.5,False
181.91.211.208,1,1,False,-0.0,0.5,False
181.99.105.111,1,1,False,-0.0,0.5,False
182.181.254.242,1,1,False,-0.0,0.5,False
182.239.121.167,1,1,False,-0.0,0.5,False
182.48.91.199,26,26,0,4.7,22.4,True
182.69.180.130,1,1,False,-0.0,0.5,False
183.182.116.85,1,1,False,-0.0,0.5,False
183.81.75.122,1,1,False,-0.0,0.5,False
184.98.221.162,4,2,0,1.0,3.0,False
185.100.245.45,1,1,False,-0.0,0.5,False
185.117.151.141,1,1,False,-0.0,0.5,False
185.121.171.107,1,1,False,-0.0,0.5,False
185.121.171.181,1,1,False,-0.0,0.5,False
185.121.171.38,1,1,False,-0.0,0.5,False
185.121.171.46,1,1,False,-0.0,0.5,False
185.121.171.52,1,1,False,-0.0,0.5,False
185.121.171.60,1,1,False,-0.0,0.5,False
185.121.171.84,1,1,False,-0.0,0.5,False
185.177.72.13,72,66,17,5.9,70.29,True
185.177.72.38,1,1,False,-0.0,0.5,False
185.177.72.52,7,1,0,-0.0,0.5,False
185.177.72.56,48,48,10,5.58,50.17,True
185.18.224.248,1,1,False,-0.0,0.5,False
185.180.141.2,4,2,0,1.0,3.0,False
185.180.141.42,2,2,0,1.0,3.0,False
185.187.205.26,1,1,False,-0.0,0.5,False
185.187.78.100,1,1,False,-0.0,0.5,False
185.191.171.18,1,1,False,-0.0,0.5,False
185.191.171.5,1,1,False,-0.0,0.5,False
185.191.171.6,1,1,False,-0.0,0.5,False
185.206.124.103,1,1,False,-0.0,0.5,False
185.216.20.167,4,4,0,2.0,6.0,False
185.226.196.12,4,2,0,1.0,3.0,False
185.226.197.12,4,2,0,1.0,3.0,False
185.226.197.27,2,2,0,1.0,3.0,False
185.226.197.42,6,2,0,1.0,3.0,False
185.24.60.147,1,1,False,-0.0,0.5,False
185.244.153.155,1,1,False,-0.0,0.5,False
185.244.153.35,1,1,False,-0.0,0.5,False
185.255.46.37,1,1,False,-0.0,0.5,False
185.63.201.44,2,1,0,-0.0,0.5,False
185.91.210.235,1,1,False,-0.0,0.5,False
186.177.188.134,1,1,False,-0.0,0.5,False
186.179.68.3,1,1,False,-0.0,0.5,False
186.189.99.145,1,1,False,-0.0,0.5,False
186.190.71.31,1,1,False,-0.0,0.5,False
186.22.13.78,1,1,False,-0.0,0.5,False
186.22.238.137,1,1,False,-0.0,0.5,False
186.61.137.70,1,1,False,-0.0,0.5,False
187.108.210.100,1,1,False,-0.0,0.5,False
187.202.51.176,1,1,False,-0.0,0.5,False
187.21.89.32,1,1,False,-0.0,0.5,False
187.246.23.37,1,1,False,-0.0,0.5,False
187.73.202.178,1,1,False,-0.0,0.5,False
188.163.25.2,1,1,False,-0.0,0.5,False
188.72.11.49,1,1,False,-0.0,0.5,False
189.126.176.210,1,1,False,-0.0,0.5,False
189.138.2.104,1,1,False,-0.0,0.5,False
189.156.240.161,1,1,False,-0.0,0.5,False
189.203.103.154,1,1,False,-0.0,0.5,False
189.217.96.63,2,2,0,1.0,3.0,False
189.217.99.35,1,1,False,-0.0,0.5,False
189.39.179.185,1,1,False,-0.0,0.5,False
190.108.79.188,1,1,False,-0.0,0.5,False
190.120.248.193,1,1,False,-0.0,0.5,False
190.120.255.24,1,1,False,-0.0,0.5,False
190.133.155.245,1,1,False,-0.0,0.5,False
190.142.74.27,1,1,False,-0.0,0.5,False
190.20.71.142,1,1,False,-0.0,0.5,False
190.60.40.210,1,1,False,-0.0,0.5,False
190.89.29.23,1,1,False,-0.0,0.5,False
190.94.213.25,1,1,False,-0.0,0.5,False
190.97.238.130,1,1,False,-0.0,0.5,False
190.97.244.106,1,1,False,-0.0,0.5,False
191.235.99.89,1,1,False,-0.0,0.5,False
191.242.51.166,1,1,False,-0.0,0.5,False
192.0.86.127,1,1,False,-0.0,0.5,False
192.229.79.109,1,1,False,-0.0,0.5,False
192.229.79.115,1,1,False,-0.0,0.5,False
192.229.79.125,1,1,False,-0.0,0.5,False
192.229.79.131,1,1,False,-0.0,0.5,False
192.229.79.140,1,1,False,-0.0,0.5,False
192.229.79.148,1,1,False,-0.0,0.5,False
192.229.79.15,1,1,False,-0.0,0.5,False
192.229.79.163,1,1,False,-0.0,0.5,False
192.229.79.167,1,1,False,-0.0,0.5,False
192.229.79.168,1,1,False,-0.0,0.5,False
192.229.79.169,1,1,False,-0.0,0.5,False
192.229.79.212,1,1,False,-0.0,0.5,False
192.229.79.214,1,1,False,-0.0,0.5,False
192.229.79.228,1,1,False,-0.0,0.5,False
192.229.79.235,1,1,False,-0.0,0.5,False
192.229.79.25,1,1,False,-0.0,0.5,False
192.229.79.28,1,1,False,-0.0,0.5,False
192.229.79.37,1,1,False,-0.0,0.5,False
192.229.79.42,1,1,False,-0.0,0.5,False
192.229.79.49,1,1,False,-0.0,0.5,False
192.229.79.50,1,1,False,-0.0,0.5,False
192.229.79.61,1,1,False,-0.0,0.5,False
192.229.79.72,1,1,False,-0.0,0.5,False
192.229.79.89,1,1,False,-0.0,0.5,False
192.229.79.97,1,1,False,-0.0,0.5,False
192.238.144.204,1,1,False,-0.0,0.5,False
192.238.144.213,1,1,False,-0.0,0.5,False
192.238.144.220,2,1,0,-0.0,0.5,False
192.238.144.233,1,1,False,-0.0,0.5,False
192.238.144.250,1,1,False,-0.0,0.5,False
192.238.146.213,1,1,False,-0.0,0.5,False
192.238.146.215,1,1,False,-0.0,0.5,False
192.238.146.241,1,1,False,-0.0,0.5,False
192.238.146.246,1,1,False,-0.0,0.5,False
192.238.149.14,1,1,False,-0.0,0.5,False
192.238.149.15,1,1,False,-0.0,0.5,False
192.238.149.23,1,1,False,-0.0,0.5,False
192.238.149.30,1,1,False,-0.0,0.5,False
192.238.149.31,1,1,False,-0.0,0.5,False
192.238.149.32,1,1,False,-0.0,0.5,False
192.238.149.49,1,1,False,-0.0,0.5,False
192.238.149.58,1,1,False,-0.0,0.5,False
192.238.151.21,1,1,False,-0.0,0.5,False
192.238.151.27,1,1,False,-0.0,0.5,False
192.238.152.131,1,1,False,-0.0,0.5,False
192.238.152.152,1,1,False,-0.0,0.5,False
192.238.152.161,1,1,False,-0.0,0.5,False
192.238.152.173,1,1,False,-0.0,0.5,False
192.238.152.187,1,1,False,-0.0,0.5,False
192.238.154.139,2,1,0,-0.0,0.5,False
192.238.154.148,1,1,False,-0.0,0.5,False
192.238.154.152,1,1,False,-0.0,0.5,False
192.238.154.159,1,1,False,-0.0,0.5,False
192.238.154.175,1,1,False,-0.0,0.5,False
192.238.154.179,1,1,False,-0.0,0.5,False
192.238.154.200,1,1,False,-0.0,0.5,False
192.238.154.211,1,1,False,-0.0,0.5,False
192.238.154.225,1,1,False,-0.0,0.5,False
192.238.154.229,1,1,False,-0.0,0.5,False
192.238.154.234,1,1,False,-0.0,0.5,False
192.238.157.41,1,1,False,-0.0,0.5,False
192.238.157.51,1,1,False,-0.0,0.5,False
192.238.158.196,1,1,False,-0.0,0.5,False
192.238.158.200,1,1,False,-0.0,0.5,False
192.238.158.201,1,1,False,-0.0,0.5,False
192.238.158.219,1,1,False,-0.0,0.5,False
192.238.159.16,1,1,False,-0.0,0.5,False
192.238.159.19,1,1,False,-0.0,0.5,False
192.238.159.38,1,1,False,-0.0,0.5,False
192.238.159.45,1,1,False,-0.0,0.5,False
192.238.159.61,1,1,False,-0.0,0.5,False
193.106.200.36,1,1,False,-0.0,0.5,False
193.186.4.225,1,1,False,-0.0,0.5,False
193.186.4.46,1,1,False,-0.0,0.5,False
193.186.4.47,1,1,False,-0.0,0.5,False
193.219.117.136,1,1,False,-0.0,0.5,False
193.36.225.118,5,5,5,2.32,14.64,True
193.50.97.177,4,4,0,2.0,6.0,False
194.110.53.78,1,1,False,-0.0,0.5,False
194.113.195.49,1,1,False,-0.0,0.5,False
194.242.49.143,3,3,0,1.58,4.67,False
194.49.87.190,1,1,False,-0.0,0.5,False
194.5.83.82,1,1,False,-0.0,0.5,False
195.234.109.8,1,1,False,-0.0,0.5,False
196.176.185.228,1,1,False,-0.0,0.5,False
196.177.90.5,1,1,False,-0.0,0.5,False
197.185.167.15,1,1,False,-0.0,0.5,False
197.185.226.137,1,1,False,-0.0,0.5,False
197.186.53.225,1,1,False,-0.0,0.5,False
197.231.201.210,1,1,False,-0.0,0.5,False
197.26.146.254,1,1,False,-0.0,0.5,False
197.52.21.52,2,2,0,1.0,3.0,False
198.232.216.112,1,1,False,-0.0,0.5,False
198.49.140.10,3,1,0,-0.0,0.5,False
199.167.138.34,1,1,False,-0.0,0.5,False
2.134.114.212,1,1,False,-0.0,0.5,False
20.100.196.146,8,6,8,2.41,19.81,True
20.102.66.11,1,1,False,-0.0,0.5,False
20.102.72.114,2,2,0,1.0,3.0,False
20.119.64.64,1,1,False,-0.0,0.5,False
20.124.118.200,1,1,False,-0.0,0.5,False
20.124.203.215,1,1,False,-0.0,0.5,False
20.127.16.35,1,1,False,-0.0,0.5,False
20.127.26.252,1,1,False,-0.0,0.5,False
20.169.78.130,1,1,False,-0.0,0.5,False
20.169.78.147,1,1,False,-0.0,0.5,False
20.169.78.150,1,1,False,-0.0,0.5,False
20.169.78.152,1,1,False,-0.0,0.5,False
20.169.78.154,1,1,False,-0.0,0.5,False
20.169.78.155,1,1,False,-0.0,0.5,False
20.169.78.169,1,1,False,-0.0,0.5,False
20.169.78.194,1,1,False,-0.0,0.5,False
20.171.116.31,1,1,False,-0.0,0.5,False
20.194.1.11,1,1,False,-0.0,0.5,False
20.196.201.42,14,14,14,3.81,35.61,True
20.199.113.235,2,2,2,1.0,6.0,False
20.200.210.155,25,25,25,4.64,59.29,True
20.204.24.245,1,1,False,-0.0,0.5,False
20.204.24.248,1,1,False,-0.0,0.5,False
20.204.24.249,1,1,False,-0.0,0.5,False
20.205.115.105,39,39,39,5.29,88.57,True
20.210.232.80,10,10,10,3.32,26.64,True
20.210.88.147,56,55,56,5.77,123.04,True
20.212.209.31,150,25,150,4.64,246.79,True
20.215.220.198,1,1,False,-0.0,0.5,False
20.215.220.216,1,1,False,-0.0,0.5,False
20.223.150.246,2,2,2,1.0,6.0,False
20.24.64.241,66,33,62,5.04,119.59,True
20.27.221.200,136,131,135,7.01,282.03,True
20.48.33.35,35,34,35,5.07,79.64,True
20.51.161.104,1,1,False,-0.0,0.5,False
20.70.168.128,52,51,47,5.66,107.32,True
20.74.215.113,1,1,False,-0.0,0.5,False
20.89.106.10,11,11,10,3.46,27.42,True
20.89.233.56,64,62,64,5.94,138.88,True
200.105.185.31,1,1,False,-0.0,0.5,False
200.14.70.250,1,1,False,-0.0,0.5,False
200.75.97.104,1,1,False,-0.0,0.5,False
201.114.111.194,1,1,False,-0.0,0.5,False
201.157.217.19,1,1,False,-0.0,0.5,False
201.188.224.108,1,1,False,-0.0,0.5,False
201.243.138.199,1,1,False,-0.0,0.5,False
202.181.17.54,1,1,False,-0.0,0.5,False
202.185.214.185,1,1,False,-0.0,0.5,False
202.37.52.80,1,1,False,-0.0,0.5,False
202.8.43.232,6,5,0,2.25,7.0,False
202.8.43.233,4,3,0,1.5,4.5,False
202.8.43.234,12,12,0,3.58,13.17,True
202.8.43.235,3,3,0,1.58,4.67,False
202.8.43.236,9,7,0,2.73,8.95,False
203.210.188.185,1,1,False,-0.0,0.5,False
203.210.255.110,1,1,False,-0.0,0.5,False
204.107.134.236,3,2,0,0.92,2.84,False
206.12.125.4,1,1,False,-0.0,0.5,False
206.223.126.34,1,1,False,-0.0,0.5,False
207.104.43.134,4,2,0,1.0,3.0,False
207.193.220.123,4,4,0,2.0,6.0,False
207.46.13.128,1,1,False,-0.0,0.5,False
207.46.13.130,1,1,False,-0.0,0.5,False
207.46.13.150,1,1,False,-0.0,0.5,False
207.46.13.151,5,5,0,2.32,7.14,False
207.46.13.154,1,1,False,-0.0,0.5,False
207.46.13.160,2,2,0,1.0,3.0,False
207.46.13.168,2,2,0,1.0,3.0,False
207.46.13.17,1,1,False,-0.0,0.5,False
207.46.13.18,1,1,False,-0.0,0.5,False
207.46.13.51,1,1,False,-0.0,0.5,False
207.46.13.52,1,1,False,-0.0,0.5,False
207.46.13.7,1,1,False,-0.0,0.5,False
207.46.13.78,1,1,False,-0.0,0.5,False
207.46.13.86,2,2,0,1.0,3.0,False
207.46.13.87,1,1,False,-0.0,0.5,False
207.46.13.92,1,1,False,-0.0,0.5,False
209.165.171.15,2,2,0,1.0,3.0,False
209.240.99.195,1,1,False,-0.0,0.5,False
209.76.51.124,2,2,0,1.0,3.0,False
210.156.40.65,4,4,0,2.0,6.0,False
210.79.178.222,1,1,False,-0.0,0.5,False
211.125.140.71,4,4,0,2.0,6.0,False
212.34.19.207,1,1,False,-0.0,0.5,False
213.176.73.228,1,1,False,-0.0,0.5,False
213.180.203.252,1,1,False,-0.0,0.5,False
213.180.203.254,1,1,False,-0.0,0.5,False
213.180.203.26,1,1,False,-0.0,0.5,False
213.230.92.218,1,1,False,-0.0,0.5,False
216.103.158.97,2,2,0,1.0,3.0,False
216.152.226.131,1,1,False,-0.0,0.5,False
216.152.226.141,2,1,0,-0.0,0.5,False
216.152.226.150,1,1,False,-0.0,0.5,False
216.152.226.153,1,1,False,-0.0,0.5,False
216.152.226.162,1,1,False,-0.0,0.5,False
216.152.226.199,1,1,False,-0.0,0.5,False
216.152.226.25,1,1,False,-0.0,0.5,False
216.152.226.38,1,1,False,-0.0,0.5,False
216.152.226.44,1,1,False,-0.0,0.5,False
216.152.226.45,1,1,False,-0.0,0.5,False
216.152.226.52,1,1,False,-0.0,0.5,False
216.152.226.58,1,1,False,-0.0,0.5,False
216.152.226.61,1,1,False,-0.0,0.5,False
216.152.226.78,1,1,False,-0.0,0.5,False
216.152.226.80,1,1,False,-0.0,0.5,False
216.152.226.90,1,1,False,-0.0,0.5,False
216.152.226.96,1,1,False,-0.0,0.5,False
216.244.66.187,1,1,False,-0.0,0.5,False
216.244.66.244,14,13,0,3.66,13.83,True
216.39.249.218,2,2,0,1.0,3.0,False
216.73.216.124,5,5,0,2.32,7.14,False
216.73.216.35,8,8,0,3.0,10.0,True
216.73.216.53,3,3,0,1.58,4.67,False
216.73.216.86,2,2,0,1.0,3.0,False
216.73.216.89,4,4,0,2.0,6.0,False
216.83.168.19,2,2,0,1.0,3.0,False
217.182.195.225,1,1,False,-0.0,0.5,False
217.198.191.221,3,1,0,-0.0,0.5,False
217.44.1.66,2,2,0,1.0,3.0,False
220.181.108.112,1,1,False,-0.0,0.5,False
220.181.108.114,1,1,False,-0.0,0.5,False
220.181.108.155,1,1,False,-0.0,0.5,False
220.181.108.165,1,1,False,-0.0,0.5,False
220.181.108.175,1,1,False,-0.0,0.5,False
220.181.108.83,1,1,False,-0.0,0.5,False
220.181.108.91,1,1,False,-0.0,0.5,False
220.181.108.94,1,1,False,-0.0,0.5,False
221.111.209.1,1,1,False,-0.0,0.5,False
221.111.209.2,1,1,False,-0.0,0.5,False
221.132.53.50,1,1,False,-0.0,0.5,False
221.132.6.17,1,1,False,-0.0,0.5,False
221.132.6.90,1,1,False,-0.0,0.5,False
221.132.8.87,1,1,False,-0.0,0.5,False
222.252.73.219,1,1,False,-0.0,0.5,False
222.252.74.112,1,1,False,-0.0,0.5,False
222.253.155.100,1,1,False,-0.0,0.5,False
222.253.172.105,1,1,False,-0.0,0.5,False
222.253.190.101,1,1,False,-0.0,0.5,False
222.253.197.26,1,1,False,-0.0,0.5,False
222.253.198.119,1,1,False,-0.0,0.5,False
222.253.22.241,1,1,False,-0.0,0.5,False
222.253.254.38,1,1,False,-0.0,0.5,False
222.254.127.135,1,1,False,-0.0,0.5,False
222.254.15.121,1,1,False,-0.0,0.5,False
222.254.17.131,1,1,False,-0.0,0.5,False
222.254.242.53,1,1,False,-0.0,0.5,False
222.254.44.143,1,1,False,-0.0,0.5,False
222.254.51.101,1,1,False,-0.0,0.5,False
222.254.57.38,1,1,False,-0.0,0.5,False
222.254.69.13,1,1,False,-0.0,0.5,False
222.254.81.198,1,1,False,-0.0,0.5,False
222.255.15.117,1,1,False,-0.0,0.5,False
222.255.162.27,1,1,False,-0.0,0.5,False
223.109.252.158,1,1,False,-0.0,0.5,False
223.109.252.213,1,1,False,-0.0,0.5,False
223.109.255.153,1,1,False,-0.0,0.5,False
23.100.19.208,1,1,False,-0.0,0.5,False
23.126.178.169,2,2,0,1.0,3.0,False
23.19.148.132,1,1,False,-0.0,0.5,False
23.19.148.167,1,1,False,-0.0,0.5,False
23.21.148.226,2,2,0,1.0,3.0,False
23.21.228.180,1,1,False,-0.0,0.5,False
23.22.46.196,1,1,False,-0.0,0.5,False
23.23.99.55,1,1,False,-0.0,0.5,False
23.231.193.108,1,1,False,-0.0,0.5,False
23.231.193.131,1,1,False,-0.0,0.5,False
23.231.193.134,1,1,False,-0.0,0.5,False
23.231.193.156,1,1,False,-0.0,0.5,False
23.231.193.174,1,1,False,-0.0,0.5,False
23.231.193.178,1,1,False,-0.0,0.5,False
23.231.193.179,1,1,False,-0.0,0.5,False
23.231.193.231,1,1,False,-0.0,0.5,False
23.231.193.233,1,1,False,-0.0,0.5,False
23.231.193.238,1,1,False,-0.0,0.5,False
23.231.193.45,2,2,0,1.0,3.0,False
23.231.193.50,1,1,False,-0.0,0.5,False
23.231.193.52,1,1,False,-0.0,0.5,False
23.231.193.7,1,1,False,-0.0,0.5,False
23.231.193.71,1,1,False,-0.0,0.5,False
23.231.193.8,1,1,False,-0.0,0.5,False
23.231.193.95,1,1,False,-0.0,0.5,False
23.231.193.96,1,1,False,-0.0,0.5,False
23.231.193.98,1,1,False,-0.0,0.5,False
23.231.193.99,1,1,False,-0.0,0.5,False
23.231.203.103,1,1,False,-0.0,0.5,False
23.231.203.106,1,1,False,-0.0,0.5,False
23.231.203.108,1,1,False,-0.0,0.5,False
23.231.203.11,1,1,False,-0.0,0.5,False
23.231.203.172,1,1,False,-0.0,0.5,False
23.231.203.176,1,1,False,-0.0,0.5,False
23.231.203.181,1,1,False,-0.0,0.5,False
23.231.203.210,1,1,False,-0.0,0.5,False
23.231.203.211,1,1,False,-0.0,0.5,False
23.231.203.221,1,1,False,-0.0,0.5,False
23.231.203.229,1,1,False,-0.0,0.5,False
23.231.203.30,1,1,False,-0.0,0.5,False
23.231.203.35,1,1,False,-0.0,0.5,False
23.231.203.4,1,1,False,-0.0,0.5,False
23.231.203.46,1,1,False,-0.0,0.5,False
23.231.203.60,1,1,False,-0.0,0.5,False
23.231.203.67,1,1,False,-0.0,0.5,False
23.231.203.9,1,1,False,-0.0,0.5,False
23.231.203.94,1,1,False,-0.0,0.5,False
23.231.231.118,1,1,False,-0.0,0.5,False
23.231.231.127,1,1,False,-0.0,0.5,False
23.231.231.143,1,1,False,-0.0,0.5,False
23.231.231.168,1,1,False,-0.0,0.5,False
23.231.231.193,1,1,False,-0.0,0.5,False
23.231.231.198,1,1,False,-0.0,0.5,False
23.231.231.210,1,1,False,-0.0,0.5,False
23.231.231.219,1,1,False,-0.0,0.5,False
23.231.231.227,1,1,False,-0.0,0.5,False
23.231.231.228,1,1,False,-0.0,0.5,False
23.231.231.229,1,1,False,-0.0,0.5,False
23.231.231.230,1,1,False,-0.0,0.5,False
23.231.231.31,1,1,False,-0.0,0.5,False
23.231.231.40,1,1,False,-0.0,0.5,False
23.231.231.6,1,1,False,-0.0,0.5,False
23.231.231.70,1,1,False,-0.0,0.5,False
23.231.231.79,1,1,False,-0.0,0.5,False
23.231.231.88,1,1,False,-0.0,0.5,False
23.231.231.94,1,1,False,-0.0,0.5,False
23.231.245.131,1,1,False,-0.0,0.5,False
23.231.245.174,1,1,False,-0.0,0.5,False
23.231.245.176,1,1,False,-0.0,0.5,False
23.231.245.189,1,1,False,-0.0,0.5,False
23.231.245.197,1,1,False,-0.0,0.5,False
23.231.245.20,1,1,False,-0.0,0.5,False
23.231.245.209,1,1,False,-0.0,0.5,False
23.231.245.217,1,1,False,-0.0,0.5,False
23.231.245.23,1,1,False,-0.0,0.5,False
23.231.245.29,1,1,False,-0.0,0.5,False
23.231.245.46,1,1,False,-0.0,0.5,False
23.231.245.54,1,1,False,-0.0,0.5,False
23.231.245.55,1,1,False,-0.0,0.5,False
23.231.245.66,1,1,False,-0.0,0.5,False
23.87.144.121,4,2,0,1.0,3.0,False
24.126.13.205,2,2,0,1.0,3.0,False
24.126.15.73,2,2,0,1.0,3.0,False
24.183.9.42,4,1,0,-0.0,0.5,False
24.224.46.206,4,2,0,1.0,3.0,False
24.249.251.216,1,1,False,-0.0,0.5,False
24.93.240.178,3,1,0,-0.0,0.5,False
27.106.109.217,1,1,False,-0.0,0.5,False
27.125.242.34,1,1,False,-0.0,0.5,False
27.3.140.81,1,1,False,-0.0,0.5,False
27.34.64.230,1,1,False,-0.0,0.5,False
27.71.85.39,1,1,False,-0.0,0.5,False
27.73.73.2,1,1,False,-0.0,0.5,False
3.16.166.7,1,1,False,-0.0,0.5,False
3.211.105.134,1,1,False,-0.0,0.5,False
3.227.254.222,1,1,False,-0.0,0.5,False
3.239.44.189,4,4,0,2.0,6.0,False
3.250.238.160,1,1,False,-0.0,0.5,False
31.10.142.184,2,2,0,1.0,3.0,False
31.13.103.1,1,1,False,-0.0,0.5,False
31.13.103.3,1,1,False,-0.0,0.5,False
31.13.103.6,1,1,False,-0.0,0.5,False
31.13.103.9,1,1,False,-0.0,0.5,False
31.14.231.18,1,1,False,-0.0,0.5,False
31.14.231.55,1,1,False,-0.0,0.5,False
31.217.4.68,1,1,False,-0.0,0.5,False
31.220.89.176,3,3,3,1.58,9.17,False
31.57.38.19,3,1,0,-0.0,0.5,False
32.209.96.80,3,1,0,-0.0,0.5,False
34.106.10.195,5,5,0,2.32,7.14,False
34.106.139.114,5,5,0,2.32,7.14,False
34.106.210.167,5,5,0,2.32,7.14,False
34.106.211.204,5,5,0,2.32,7.14,False
34.106.40.28,5,5,0,2.32,7.14,False
34.106.7.143,5,5,0,2.32,7.14,False
34.106.81.156,5,5,0,2.32,7.14,False
34.11.202.147,3,1,0,-0.0,0.5,False
34.12.120.176,1,1,False,-0.0,0.5,False
34.12.17.210,1,1,False,-0.0,0.5,False
34.141.196.193,1,1,False,-0.0,0.5,False
34.142.176.6,1,1,False,-0.0,0.5,False
34.143.182.226,1,1,False,-0.0,0.5,False
34.146.194.178,1,1,False,-0.0,0.5,False
34.16.160.163,2,1,0,-0.0,0.5,False
34.16.217.46,1,1,False,-0.0,0.5,False
34.162.94.12,1,1,False,-0.0,0.5,False
34.170.211.238,2,2,0,1.0,3.0,False
34.173.239.49,2,2,0,1.0,3.0,False
34.186.17.101,1,1,False,-0.0,0.5,False
34.194.226.74,1,1,False,-0.0,0.5,False
34.197.28.78,2,2,0,1.0,3.0,False
34.212.169.199,1,1,False,-0.0,0.5,False
34.231.77.232,1,1,False,-0.0,0.5,False
34.236.152.117,1,1,False,-0.0,0.5,False
34.34.254.19,5,3,0,1.52,4.54,False
34.34.254.22,5,3,0,1.52,4.54,False
34.40.169.197,5,1,0,-0.0,0.5,False
34.6.128.146,1,1,False,-0.0,0.5,False
34.6.137.106,1,1,False,-0.0,0.5,False
34.6.48.235,1,1,False,-0.0,0.5,False
34.6.50.209,1,1,False,-0.0,0.5,False
34.68.175.210,1,1,False,-0.0,0.5,False
34.82.70.210,1,1,False,-0.0,0.5,False
34.83.245.168,1,1,False,-0.0,0.5,False
34.86.177.154,2,1,0,-0.0,0.5,False
34.96.48.114,5,3,0,1.52,4.54,False
34.96.48.74,5,3,0,1.52,4.54,False
35.148.60.38,2,2,0,1.0,3.0,False
35.150.145.129,2,2,0,1.0,3.0,False
35.204.216.22,1,1,False,-0.0,0.5,False
35.204.67.2,1,1,False,-0.0,0.5,False
35.208.110.225,3,1,0,-0.0,0.5,False
35.92.16.26,1,1,False,-0.0,0.5,False
36.37.164.154,1,1,False,-0.0,0.5,False
36.37.164.158,1,1,False,-0.0,0.5,False
36.37.164.167,1,1,False,-0.0,0.5,False
36.37.164.170,1,1,False,-0.0,0.5,False
36.75.102.5,1,1,False,-0.0,0.5,False
37.106.9.214,1,1,False,-0.0,0.5,False
37.111.214.210,1,1,False,-0.0,0.5,False
37.127.83.22,1,1,False,-0.0,0.5,False
37.187.226.31,2,2,0,1.0,3.0,False
37.238.63.156,1,1,False,-0.0,0.5,False
37.242.60.17,1,1,False,-0.0,0.5,False
37.41.233.40,1,1,False,-0.0,0.5,False
38.122.61.7,2,2,0,1.0,3.0,False
38.171.0.92,1,1,False,-0.0,0.5,False
38.189.152.7,1,1,False,-0.0,0.5,False
38.222.31.30,1,1,False,-0.0,0.5,False
38.3.192.16,1,1,False,-0.0,0.5,False
38.41.3.69,1,1,False,-0.0,0.5,False
38.51.206.210,1,1,False,-0.0,0.5,False
38.52.64.251,1,1,False,-0.0,0.5,False
39.34.129.233,1,1,False,-0.0,0.5,False
39.53.90.202,1,1,False,-0.0,0.5,False
4.193.202.195,127,122,127,6.91,265.32,True
4.194.107.19,111,106,107,6.7,226.91,True
4.194.217.214,114,114,108,6.83,232.67,True
4.197.167.136,112,107,108,6.72,228.94,True
4.217.180.34,112,110,111,6.77,235.04,True
4.227.105.133,1,1,False,-0.0,0.5,False
4.241.184.25,448,190,434,7.31,760.62,True
40.115.138.121,50,50,0,5.64,36.29,True
40.160.16.107,1,1,False,-0.0,0.5,False
40.160.16.109,1,1,False,-0.0,0.5,False
40.160.32.247,1,1,False,-0.0,0.5,False
40.65.177.112,109,109,103,6.77,222.54,True
40.69.66.178,2,2,2,1.0,6.0,False
40.77.167.0,1,1,False,-0.0,0.5,False
40.77.167.116,5,3,0,1.52,4.54,False
40.77.167.126,1,1,False,-0.0,0.5,False
40.77.167.13,1,1,False,-0.0,0.5,False
40.77.167.136,3,3,0,1.58,4.67,False
40.77.167.14,3,3,0,1.58,4.67,False
40.77.167.143,1,1,False,-0.0,0.5,False
40.77.167.154,1,1,False,-0.0,0.5,False
40.77.167.155,1,1,False,-0.0,0.5,False
40.77.167.159,3,3,0,1.58,4.67,False
40.77.167.224,3,3,0,1.58,4.67,False
40.77.167.230,1,1,False,-0.0,0.5,False
40.77.167.235,1,1,False,-0.0,0.5,False
40.77.167.26,2,1,0,-0.0,0.5,False
40.77.167.30,1,1,False,-0.0,0.5,False
40.77.167.44,1,1,False,-0.0,0.5,False
40.77.167.48,1,1,False,-0.0,0.5,False
40.77.167.50,1,1,False,-0.0,0.5,False
40.77.167.53,1,1,False,-0.0,0.5,False
40.77.167.62,2,2,0,1.0,3.0,False
40.77.167.65,1,1,False,-0.0,0.5,False
40.77.167.71,4,4,0,2.0,6.0,False
40.77.167.75,1,1,False,-0.0,0.5,False
40.77.167.78,1,1,False,-0.0,0.5,False
40.77.167.79,1,1,False,-0.0,0.5,False
41.115.18.132,1,1,False,-0.0,0.5,False
41.116.1.92,1,1,False,-0.0,0.5,False
41.198.158.2,1,1,False,-0.0,0.5,False
41.223.73.254,1,1,False,-0.0,0.5,False
41.251.44.42,1,1,False,-0.0,0.5,False
41.33.223.210,1,1,False,-0.0,0.5,False
41.66.198.9,1,1,False,-0.0,0.5,False
42.113.158.201,1,1,False,-0.0,0.5,False
42.114.14.100,1,1,False,-0.0,0.5,False
42.114.170.239,1,1,False,-0.0,0.5,False
42.114.186.197,1,1,False,-0.0,0.5,False
42.114.19.32,1,1,False,-0.0,0.5,False
42.114.248.169,1,1,False,-0.0,0.5,False
42.114.26.38,1,1,False,-0.0,0.5,False
42.115.192.88,1,1,False,-0.0,0.5,False
42.115.196.80,1,1,False,-0.0,0.5,False
42.116.162.186,1,1,False,-0.0,0.5,False
42.117.149.154,1,1,False,-0.0,0.5,False
42.117.65.87,1,1,False,-0.0,0.5,False
42.118.12.158,1,1,False,-0.0,0.5,False
42.118.214.225,1,1,False,-0.0,0.5,False
42.118.97.227,1,1,False,-0.0,0.5,False
42.48.27.35,3,1,0,-0.0,0.5,False
43.111.15.222,1,1,False,-0.0,0.5,False
43.129.180.36,1,1,False,-0.0,0.5,False
43.132.65.106,1,1,False,-0.0,0.5,False
43.132.65.108,1,1,False,-0.0,0.5,False
43.132.65.116,2,2,0,1.0,3.0,False
43.132.65.152,1,1,False,-0.0,0.5,False
43.132.65.19,1,1,False,-0.0,0.5,False
43.132.84.11,1,1,False,-0.0,0.5,False
43.133.56.149,1,1,False,-0.0,0.5,False
43.134.120.218,1,1,False,-0.0,0.5,False
43.134.46.189,1,1,False,-0.0,0.5,False
43.134.62.124,10,6,0,2.52,8.04,False
43.134.97.242,1,1,False,-0.0,0.5,False
43.143.215.183,1,1,False,-0.0,0.5,False
43.152.135.20,1,1,False,-0.0,0.5,False
43.152.137.14,1,1,False,-0.0,0.5,False
43.152.141.101,1,1,False,-0.0,0.5,False
43.152.141.26,1,1,False,-0.0,0.5,False
43.152.150.175,1,1,False,-0.0,0.5,False
43.152.150.18,1,1,False,-0.0,0.5,False
43.152.152.116,3,3,0,1.58,4.67,False
43.152.152.17,1,1,False,-0.0,0.5,False
43.152.152.24,2,2,0,1.0,3.0,False
43.152.153.22,1,1,False,-0.0,0.5,False
43.152.153.29,1,1,False,-0.0,0.5,False
43.152.173.22,1,1,False,-0.0,0.5,False
43.152.173.29,1,1,False,-0.0,0.5,False
43.152.174.14,1,1,False,-0.0,0.5,False
43.152.179.47,1,1,False,-0.0,0.5,False
43.152.180.23,1,1,False,-0.0,0.5,False
43.152.181.14,1,1,False,-0.0,0.5,False
43.152.181.19,1,1,False,-0.0,0.5,False
43.152.181.31,1,1,False,-0.0,0.5,False
43.152.184.41,1,1,False,-0.0,0.5,False
43.152.184.45,1,1,False,-0.0,0.5,False
43.152.188.115,2,2,0,1.0,3.0,False
43.152.188.127,1,1,False,-0.0,0.5,False
43.152.188.133,2,2,0,1.0,3.0,False
43.152.189.19,1,1,False,-0.0,0.5,False
43.152.189.29,2,2,0,1.0,3.0,False
43.152.20.36,2,2,0,1.0,3.0,False
43.152.21.39,1,1,False,-0.0,0.5,False
43.152.22.147,1,1,False,-0.0,0.5,False
43.152.24.18,1,1,False,-0.0,0.5,False
43.152.42.43,1,1,False,-0.0,0.5,False
43.152.7.149,1,1,False,-0.0,0.5,False
43.152.7.200,1,1,False,-0.0,0.5,False
43.153.40.59,1,1,False,-0.0,0.5,False
43.154.127.183,1,1,False,-0.0,0.5,False
43.155.0.97,16,9,0,3.12,10.75,True
43.156.19.139,10,6,0,2.52,8.04,False
43.156.79.58,10,6,0,2.52,8.04,False
43.161.250.247,1,1,False,-0.0,0.5,False
43.163.121.144,1,1,False,-0.0,0.5,False
43.163.22.24,1,1,False,-0.0,0.5,False
43.163.22.30,1,1,False,-0.0,0.5,False
43.163.22.50,1,1,False,-0.0,0.5,False
43.163.22.76,1,1,False,-0.0,0.5,False
43.163.23.169,1,1,False,-0.0,0.5,False
43.163.88.51,1,1,False,-0.0,0.5,False
43.168.10.18,1,1,False,-0.0,0.5,False
43.168.10.30,2,2,0,1.0,3.0,False
43.168.10.38,1,1,False,-0.0,0.5,False
43.168.14.36,1,1,False,-0.0,0.5,False
43.168.15.23,1,1,False,-0.0,0.5,False
43.168.34.36,1,1,False,-0.0,0.5,False
43.168.4.32,2,2,0,1.0,3.0,False
43.168.4.33,1,1,False,-0.0,0.5,False
43.173.169.157,1,1,False,-0.0,0.5,False
43.173.169.180,1,1,False,-0.0,0.5,False
43.173.169.32,2,2,0,1.0,3.0,False
43.173.169.33,1,1,False,-0.0,0.5,False
43.173.169.58,1,1,False,-0.0,0.5,False
43.173.172.102,1,1,False,-0.0,0.5,False
43.173.172.206,1,1,False,-0.0,0.5,False
43.173.172.207,1,1,False,-0.0,0.5,False
43.173.172.230,1,1,False,-0.0,0.5,False
43.173.172.73,1,1,False,-0.0,0.5,False
43.173.173.107,1,1,False,-0.0,0.5,False
43.173.173.161,1,1,False,-0.0,0.5,False
43.173.173.164,1,1,False,-0.0,0.5,False
43.173.173.214,1,1,False,-0.0,0.5,False
43.173.173.22,1,1,False,-0.0,0.5,False
43.173.173.221,1,1,False,-0.0,0.5,False
43.173.173.5,1,1,False,-0.0,0.5,False
43.173.173.59,1,1,False,-0.0,0.5,False
43.173.173.85,1,1,False,-0.0,0.5,False
43.173.174.127,1,1,False,-0.0,0.5,False
43.173.174.132,1,1,False,-0.0,0.5,False
43.173.174.181,1,1,False,-0.0,0.5,False
43.173.174.234,1,1,False,-0.0,0.5,False
43.173.174.237,1,1,False,-0.0,0.5,False
43.173.174.245,1,1,False,-0.0,0.5,False
43.173.175.113,1,1,False,-0.0,0.5,False
43.173.175.147,1,1,False,-0.0,0.5,False
43.173.175.207,1,1,False,-0.0,0.5,False
43.173.175.213,1,1,False,-0.0,0.5,False
43.173.175.22,1,1,False,-0.0,0.5,False
43.173.175.34,1,1,False,-0.0,0.5,False
43.173.175.80,1,1,False,-0.0,0.5,False
43.173.175.82,1,1,False,-0.0,0.5,False
43.173.176.125,1,1,False,-0.0,0.5,False
43.173.176.173,1,1,False,-0.0,0.5,False
43.173.176.184,1,1,False,-0.0,0.5,False
43.173.176.201,1,1,False,-0.0,0.5,False
43.173.176.208,1,1,False,-0.0,0.5,False
43.173.176.217,1,1,False,-0.0,0.5,False
43.173.176.24,1,1,False,-0.0,0.5,False
43.173.176.252,2,2,0,1.0,3.0,False
43.173.176.254,1,1,False,-0.0,0.5,False
43.173.177.121,1,1,False,-0.0,0.5,False
43.173.177.125,1,1,False,-0.0,0.5,False
43.173.177.146,2,2,0,1.0,3.0,False
43.173.177.2,1,1,False,-0.0,0.5,False
43.173.177.214,2,2,0,1.0,3.0,False
43.173.177.249,1,1,False,-0.0,0.5,False
43.173.177.253,1,1,False,-0.0,0.5,False
43.173.177.52,1,1,False,-0.0,0.5,False
43.173.177.58,1,1,False,-0.0,0.5,False
43.173.177.67,1,1,False,-0.0,0.5,False
43.173.177.77,1,1,False,-0.0,0.5,False
43.173.177.92,1,1,False,-0.0,0.5,False
43.173.178.106,2,2,0,1.0,3.0,False
43.173.178.129,1,1,False,-0.0,0.5,False
43.173.178.222,1,1,False,-0.0,0.5,False
43.173.178.32,1,1,False,-0.0,0.5,False
43.173.178.71,1,1,False,-0.0,0.5,False
43.173.179.124,1,1,False,-0.0,0.5,False
43.173.179.13,1,1,False,-0.0,0.5,False
43.173.179.136,1,1,False,-0.0,0.5,False
43.173.179.155,1,1,False,-0.0,0.5,False
43.173.179.160,2,2,0,1.0,3.0,False
43.173.179.161,1,1,False,-0.0,0.5,False
43.173.179.183,1,1,False,-0.0,0.5,False
43.173.179.189,1,1,False,-0.0,0.5,False
43.173.179.210,1,1,False,-0.0,0.5,False
43.173.179.238,1,1,False,-0.0,0.5,False
43.173.179.36,1,1,False,-0.0,0.5,False
43.173.179.40,1,1,False,-0.0,0.5,False
43.173.179.55,1,1,False,-0.0,0.5,False
43.173.179.58,1,1,False,-0.0,0.5,False
43.173.179.73,1,1,False,-0.0,0.5,False
43.173.179.76,1,1,False,-0.0,0.5,False
43.173.179.83,1,1,False,-0.0,0.5,False
43.173.179.93,1,1,False,-0.0,0.5,False
43.173.180.117,1,1,False,-0.0,0.5,False
43.173.180.122,1,1,False,-0.0,0.5,False
43.173.180.136,1,1,False,-0.0,0.5,False
43.173.180.152,1,1,False,-0.0,0.5,False
43.173.180.169,2,2,0,1.0,3.0,False
43.173.180.200,2,2,0,1.0,3.0,False
43.173.180.21,1,1,False,-0.0,0.5,False
43.173.180.25,1,1,False,-0.0,0.5,False
43.173.180.41,1,1,False,-0.0,0.5,False
43.173.180.63,1,1,False,-0.0,0.5,False
43.173.180.76,1,1,False,-0.0,0.5,False
43.173.180.80,1,1,False,-0.0,0.5,False
43.173.180.83,1,1,False,-0.0,0.5,False
43.173.180.9,1,1,False,-0.0,0.5,False
43.173.181.109,1,1,False,-0.0,0.5,False
43.173.181.111,1,1,False,-0.0,0.5,False
43.173.181.166,1,1,False,-0.0,0.5,False
43.173.181.167,1,1,False,-0.0,0.5,False
43.173.181.210,1,1,False,-0.0,0.5,False
43.173.181.246,1,1,False,-0.0,0.5,False
43.173.181.249,1,1,False,-0.0,0.5,False
43.173.181.31,1,1,False,-0.0,0.5,False
43.173.181.41,1,1,False,-0.0,0.5,False
43.173.181.43,1,1,False,-0.0,0.5,False
43.173.181.56,1,1,False,-0.0,0.5,False
43.173.181.7,1,1,False,-0.0,0.5,False
43.173.181.91,2,2,0,1.0,3.0,False
43.173.181.99,1,1,False,-0.0,0.5,False
43.173.182.127,1,1,False,-0.0,0.5,False
43.173.182.141,1,1,False,-0.0,0.5,False
43.173.182.159,1,1,False,-0.0,0.5,False
43.173.182.172,1,1,False,-0.0,0.5,False
43.173.182.191,1,1,False,-0.0,0.5,False
43.173.182.229,1,1,False,-0.0,0.5,False
43.173.182.23,1,1,False,-0.0,0.5,False
43.173.182.237,1,1,False,-0.0,0.5,False
43.173.182.47,1,1,False,-0.0,0.5,False
43.173.182.59,1,1,False,-0.0,0.5,False
43.173.182.67,1,1,False,-0.0,0.5,False
43.173.182.75,1,1,False,-0.0,0.5,False
43.174.104.18,2,2,0,1.0,3.0,False
43.174.104.36,1,1,False,-0.0,0.5,False
43.174.104.38,2,2,0,1.0,3.0,False
43.174.106.16,1,1,False,-0.0,0.5,False
43.174.109.54,1,1,False,-0.0,0.5,False
43.174.120.151,1,1,False,-0.0,0.5,False
43.174.120.152,1,1,False,-0.0,0.5,False
43.174.120.153,1,1,False,-0.0,0.5,False
43.174.120.174,1,1,False,-0.0,0.5,False
43.174.120.177,1,1,False,-0.0,0.5,False
43.174.120.178,1,1,False,-0.0,0.5,False
43.174.127.37,1,1,False,-0.0,0.5,False
43.174.135.22,1,1,False,-0.0,0.5,False
43.174.135.28,1,1,False,-0.0,0.5,False
43.174.136.108,1,1,False,-0.0,0.5,False
43.174.136.20,1,1,False,-0.0,0.5,False
43.174.136.240,2,2,0,1.0,3.0,False
43.174.136.252,1,1,False,-0.0,0.5,False
43.174.136.28,1,1,False,-0.0,0.5,False
43.174.136.46,1,1,False,-0.0,0.5,False
43.174.136.49,2,2,0,1.0,3.0,False
43.174.136.51,1,1,False,-0.0,0.5,False
43.174.136.53,1,1,False,-0.0,0.5,False
43.174.136.57,1,1,False,-0.0,0.5,False
43.174.136.59,1,1,False,-0.0,0.5,False
43.174.136.96,3,3,0,1.58,4.67,False
43.174.14.12,1,1,False,-0.0,0.5,False
43.174.14.14,1,1,False,-0.0,0.5,False
43.174.14.31,1,1,False,-0.0,0.5,False
43.174.15.17,1,1,False,-0.0,0.5,False
43.174.15.25,1,1,False,-0.0,0.5,False
43.174.15.32,1,1,False,-0.0,0.5,False
43.174.15.35,1,1,False,-0.0,0.5,False
43.174.152.15,1,1,False,-0.0,0.5,False
43.174.152.16,1,1,False,-0.0,0.5,False
43.174.152.26,1,1,False,-0.0,0.5,False
43.174.152.33,1,1,False,-0.0,0.5,False
43.174.152.37,1,1,False,-0.0,0.5,False
43.174.153.12,2,2,0,1.0,3.0,False
43.174.153.16,1,1,False,-0.0,0.5,False
43.174.153.19,1,1,False,-0.0,0.5,False
43.174.153.20,1,1,False,-0.0,0.5,False
43.174.153.31,1,1,False,-0.0,0.5,False
43.174.153.37,1,1,False,-0.0,0.5,False
43.174.153.38,1,1,False,-0.0,0.5,False
43.174.173.122,1,1,False,-0.0,0.5,False
43.174.173.124,1,1,False,-0.0,0.5,False
43.174.173.14,1,1,False,-0.0,0.5,False
43.174.173.69,1,1,False,-0.0,0.5,False
43.174.24.13,1,1,False,-0.0,0.5,False
43.174.24.23,1,1,False,-0.0,0.5,False
43.174.24.34,1,1,False,-0.0,0.5,False
43.174.27.67,1,1,False,-0.0,0.5,False
43.174.27.78,1,1,False,-0.0,0.5,False
43.174.29.136,1,1,False,-0.0,0.5,False
43.174.29.22,1,1,False,-0.0,0.5,False
43.174.55.43,1,1,False,-0.0,0.5,False
43.174.7.29,1,1,False,-0.0,0.5,False
43.174.7.38,1,1,False,-0.0,0.5,False
43.174.8.25,1,1,False,-0.0,0.5,False
43.174.8.49,1,1,False,-0.0,0.5,False
43.174.8.74,1,1,False,-0.0,0.5,False
43.174.84.27,1,1,False,-0.0,0.5,False
43.175.115.25,1,1,False,-0.0,0.5,False
43.175.120.17,1,1,False,-0.0,0.5,False
43.175.127.99,1,1,False,-0.0,0.5,False
43.175.147.15,1,1,False,-0.0,0.5,False
43.175.147.36,2,2,0,1.0,3.0,False
43.175.169.28,1,1,False,-0.0,0.5,False
43.175.171.17,1,1,False,-0.0,0.5,False
43.175.182.23,1,1,False,-0.0,0.5,False
43.175.183.16,1,1,False,-0.0,0.5,False
43.175.194.135,1,1,False,-0.0,0.5,False
43.175.194.17,1,1,False,-0.0,0.5,False
43.175.194.20,1,1,False,-0.0,0.5,False
43.175.194.27,1,1,False,-0.0,0.5,False
43.175.194.35,2,2,0,1.0,3.0,False
43.175.194.49,2,2,0,1.0,3.0,False
43.175.202.11,1,1,False,-0.0,0.5,False
43.175.206.27,1,1,False,-0.0,0.5,False
43.175.206.31,1,1,False,-0.0,0.5,False
43.175.22.37,1,1,False,-0.0,0.5,False
43.175.28.28,1,1,False,-0.0,0.5,False
43.175.29.17,1,1,False,-0.0,0.5,False
43.175.29.30,1,1,False,-0.0,0.5,False
43.175.29.42,2,2,0,1.0,3.0,False
43.175.29.43,1,1,False,-0.0,0.5,False
43.175.53.15,1,1,False,-0.0,0.5,False
43.175.54.21,2,2,0,1.0,3.0,False
43.175.77.19,1,1,False,-0.0,0.5,False
43.175.77.43,1,1,False,-0.0,0.5,False
43.175.77.83,1,1,False,-0.0,0.5,False
43.245.86.99,1,1,False,-0.0,0.5,False
44.202.0.28,1,1,False,-0.0,0.5,False
44.210.101.29,1,1,False,-0.0,0.5,False
44.213.60.111,1,1,False,-0.0,0.5,False
44.217.103.112,1,1,False,-0.0,0.5,False
44.244.218.153,2,2,0,1.0,3.0,False
44.246.219.12,1,1,False,-0.0,0.5,False
44.250.144.191,1,1,False,-0.0,0.5,False
45.138.16.159,1,1,True,-0.0,2.0,False
45.156.128.103,1,1,False,-0.0,0.5,False
45.156.128.61,2,2,0,1.0,3.0,False
45.156.128.81,4,2,0,1.0,3.0,False
45.156.128.96,2,2,0,1.0,3.0,False
45.156.129.70,2,2,0,1.0,3.0,False
45.156.129.85,2,2,0,1.0,3.0,False
45.156.129.90,2,2,0,1.0,3.0,False
45.156.129.95,4,2,0,1.0,3.0,False
45.163.19.189,1,1,False,-0.0,0.5,False
45.177.218.163,1,1,False,-0.0,0.5,False
45.179.92.149,1,1,False,-0.0,0.5,False
45.181.227.94,1,1,False,-0.0,0.5,False
45.187.97.26,1,1,False,-0.0,0.5,False
45.224.188.14,1,1,False,-0.0,0.5,False
45.229.220.220,1,1,False,-0.0,0.5,False
45.232.145.143,1,1,False,-0.0,0.5,False
45.30.73.29,1,1,False,-0.0,0.5,False
45.38.129.25,1,1,False,-0.0,0.5,False
45.41.147.175,1,1,False,-0.0,0.5,False
45.61.128.147,22,22,22,4.46,52.92,True
45.8.22.117,1,1,True,-0.0,2.0,False
45.91.90.163,1,1,False,-0.0,0.5,False
46.135.106.215,1,1,False,-0.0,0.5,False
46.250.168.30,1,1,False,-0.0,0.5,False
46.250.174.249,1,1,False,-0.0,0.5,False
46.250.175.137,10,6,0,2.52,8.04,False
46.55.113.99,1,1,False,-0.0,0.5,False
47.106.89.74,2,1,2,-0.0,3.5,False
47.162.216.38,2,2,0,1.0,3.0,False
47.236.75.187,1,1,False,-0.0,0.5,False
47.236.76.86,1,1,False,-0.0,0.5,False
47.27.228.59,1,1,False,-0.0,0.5,False
47.35.180.165,4,2,0,1.0,3.0,False
47.79.31.173,1,1,False,-0.0,0.5,False
47.79.31.54,1,1,False,-0.0,0.5,False
49.144.224.85,1,1,False,-0.0,0.5,False
49.145.250.134,1,1,False,-0.0,0.5,False
49.232.134.64,1,1,False,-0.0,0.5,False
49.232.234.60,1,1,False,-0.0,0.5,False
49.232.53.133,1,1,False,-0.0,0.5,False
49.233.186.17,1,1,False,-0.0,0.5,False
49.237.79.126,1,1,False,-0.0,0.5,False
49.36.139.6,1,1,False,-0.0,0.5,False
49.43.130.120,1,1,False,-0.0,0.5,False
49.43.5.65,1,1,False,-0.0,0.5,False
49.51.34.170,1,1,False,-0.0,0.5,False
5.102.109.41,1,1,False,-0.0,0.5,False
5.110.110.221,1,1,False,-0.0,0.5,False
5.255.231.113,1,1,False,-0.0,0.5,False
5.255.231.127,1,1,False,-0.0,0.5,False
5.255.231.148,1,1,False,-0.0,0.5,False
5.255.231.174,2,2,0,1.0,3.0,False
5.255.231.181,1,1,False,-0.0,0.5,False
5.255.231.37,1,1,False,-0.0,0.5,False
5.255.231.64,1,1,False,-0.0,0.5,False
5.255.231.9,1,1,False,-0.0,0.5,False
5.255.231.93,1,1,False,-0.0,0.5,False
50.114.1.244,1,1,False,-0.0,0.5,False
50.239.78.54,1,1,False,-0.0,0.5,False
50.38.48.5,4,2,0,1.0,3.0,False
50.48.205.52,1,1,False,-0.0,0.5,False
51.38.109.223,4,3,2,1.5,7.5,False
51.48.82.106,2,2,0,1.0,3.0,False
51.49.176.126,1,1,False,-0.0,0.5,False
51.83.227.195,3,3,3,1.58,9.17,False
51.89.25.52,18,7,8,2.73,20.95,True
52.112.95.132,1,1,False,-0.0,0.5,False
52.123.190.90,2,2,0,1.0,3.0,False
52.140.123.244,3,3,3,1.58,9.17,False
52.144.44.89,1,1,False,-0.0,0.5,False
52.164.187.143,4,4,4,2.0,12.0,True
52.167.144.136,3,3,0,1.58,4.67,False
52.167.144.141,3,3,0,1.58,4.67,False
52.167.144.142,1,1,False,-0.0,0.5,False
52.167.144.145,3,3,0,1.58,4.67,False
52.167.144.158,1,1,False,-0.0,0.5,False
52.167.144.172,1,1,False,-0.0,0.5,False
52.167.144.173,2,2,0,1.0,3.0,False
52.167.144.174,4,4,0,2.0,6.0,False
52.167.144.176,2,2,0,1.0,3.0,False
52.167.144.179,1,1,False,-0.0,0.5,False
52.167.144.183,1,1,False,-0.0,0.5,False
52.167.144.185,1,1,False,-0.0,0.5,False
52.167.144.186,1,1,False,-0.0,0.5,False
52.167.144.19,1,1,False,-0.0,0.5,False
52.167.144.190,1,1,False,-0.0,0.5,False
52.167.144.191,1,1,False,-0.0,0.5,False
52.167.144.20,1,1,False,-0.0,0.5,False
52.167.144.203,1,1,False,-0.0,0.5,False
52.167.144.204,1,1,False,-0.0,0.5,False
52.167.144.206,1,1,False,-0.0,0.5,False
52.167.144.209,1,1,False,-0.0,0.5,False
52.167.144.210,1,1,False,-0.0,0.5,False
52.167.144.214,1,1,False,-0.0,0.5,False
52.167.144.216,1,1,False,-0.0,0.5,False
52.167.144.225,1,1,False,-0.0,0.5,False
52.167.144.232,1,1,False,-0.0,0.5,False
52.167.144.235,2,2,0,1.0,3.0,False
52.167.144.238,1,1,False,-0.0,0.5,False
52.169.148.186,110,110,107,6.78,229.06,True
52.169.206.229,136,130,135,7.0,281.5,True
52.169.5.4,1,1,False,-0.0,0.5,False
52.187.246.128,1,1,False,-0.0,0.5,False
52.188.11.130,1,1,False,-0.0,0.5,False
52.204.193.163,1,1,False,-0.0,0.5,False
52.3.156.186,1,1,False,-0.0,0.5,False
52.36.247.119,1,1,False,-0.0,0.5,False
52.4.143.42,15,1,0,-0.0,0.5,False
52.7.141.1,18,1,0,-0.0,0.5,False
54.156.55.147,1,1,False,-0.0,0.5,False
54.157.99.244,1,1,False,-0.0,0.5,False
54.160.144.179,1,1,False,-0.0,0.5,False
54.174.58.252,2,2,0,1.0,3.0,False
54.175.157.24,1,1,False,-0.0,0.5,False
54.213.161.240,1,1,False,-0.0,0.5,False
54.226.9.132,2,2,0,1.0,3.0,False
54.235.11.245,1,1,False,-0.0,0.5,False
54.241.69.5,1,1,True,-0.0,2.0,False
54.244.212.149,1,1,False,-0.0,0.5,False
54.39.178.250,8,4,0,1.55,5.1,False
54.64.183.176,28,28,0,4.81,23.61,True
54.81.43.75,1,1,False,-0.0,0.5,False
54.88.113.54,1,1,False,-0.0,0.5,False
54.91.146.197,1,1,False,-0.0,0.5,False
57.141.4.2,1,1,False,-0.0,0.5,False
57.141.4.63,1,1,False,-0.0,0.5,False
57.154.18.60,2,2,0,1.0,3.0,False
57.155.170.206,1,1,False,-0.0,0.5,False
58.145.190.237,1,1,False,-0.0,0.5,False
58.187.58.183,1,1,False,-0.0,0.5,False
58.187.64.7,1,1,False,-0.0,0.5,False
59.152.4.78,1,1,False,-0.0,0.5,False
59.153.220.228,1,1,False,-0.0,0.5,False
59.153.224.220,1,1,False,-0.0,0.5,False
59.153.225.181,1,1,False,-0.0,0.5,False
62.169.135.13,7,7,0,2.81,9.11,False
62.4.42.196,1,1,False,-0.0,0.5,False
63.141.225.31,1,1,False,-0.0,0.5,False
64.227.153.102,149,141,139,7.11,293.22,True
64.233.173.100,2,1,0,-0.0,0.5,False
64.233.173.98,8,1,0,-0.0,0.5,False
64.233.173.99,2,1,0,-0.0,0.5,False
64.62.202.81,1,1,False,-0.0,0.5,False
64.62.202.82,1,1,False,-0.0,0.5,False
64.95.10.115,1,1,False,-0.0,0.5,False
65.108.2.171,3,3,0,1.58,4.67,False
65.21.113.196,1,1,False,-0.0,0.5,False
65.32.219.26,1,1,False,-0.0,0.5,False
66.168.30.53,2,2,0,1.0,3.0,False
66.191.239.114,4,2,0,1.0,3.0,False
66.206.51.83,2,2,0,1.0,3.0,False
66.249.75.5,4,3,0,1.5,4.5,False
66.249.75.6,4,3,0,1.5,4.5,False
66.249.75.7,3,3,0,1.58,4.67,False
66.249.77.37,17,12,0,3.29,12.57,True
66.249.77.38,25,18,0,3.97,16.95,True
66.249.77.39,10,7,0,2.72,8.94,False
66.249.80.139,1,1,False,-0.0,0.5,False
66.249.80.140,1,1,False,-0.0,0.5,False
66.249.81.129,1,1,False,-0.0,0.5,False
66.249.84.197,27,1,0,-0.0,0.5,False
66.249.84.198,31,2,0,0.35,1.69,False
66.249.84.199,24,1,0,-0.0,0.5,False
66.249.91.132,1,1,False,-0.0,0.5,False
66.249.91.134,1,1,False,-0.0,0.5,False
66.41.93.141,2,2,0,1.0,3.0,False
66.9.168.33,1,1,False,-0.0,0.5,False
66.97.176.10,3,2,0,0.92,2.84,False
67.163.90.246,1,1,False,-0.0,0.5,False
67.2.173.18,2,2,0,1.0,3.0,False
67.202.155.247,4,2,0,1.0,3.0,False
68.167.134.34,1,1,False,-0.0,0.5,False
68.167.150.112,1,1,False,-0.0,0.5,False
68.3.207.128,6,2,0,1.0,3.0,False
68.36.248.160,4,2,0,1.0,3.0,False
69.130.239.225,1,1,False,-0.0,0.5,False
69.171.249.3,1,1,False,-0.0,0.5,False
69.226.250.72,4,2,0,1.0,3.0,False
69.63.189.114,1,1,False,-0.0,0.5,False
69.63.189.33,1,1,False,-0.0,0.5,False
70.113.246.86,1,1,False,-0.0,0.5,False
70.115.76.30,2,2,0,1.0,3.0,False
70.187.169.158,2,2,0,1.0,3.0,False
70.92.229.157,2,2,0,1.0,3.0,False
71.193.218.247,1,1,False,-0.0,0.5,False
71.196.43.161,2,2,0,1.0,3.0,False
71.200.126.119,6,4,0,1.92,5.84,False
71.233.167.4,2,2,0,1.0,3.0,False
71.241.208.50,1,1,False,-0.0,0.5,False
71.29.230.150,2,2,0,1.0,3.0,False
71.62.50.37,1,1,False,-0.0,0.5,False
71.82.229.190,2,2,0,1.0,3.0,False
72.105.210.2,2,2,0,1.0,3.0,False
72.128.106.95,2,2,0,1.0,3.0,False
72.153.230.140,1,1,False,-0.0,0.5,False
72.185.146.92,1,1,False,-0.0,0.5,False
72.202.224.249,1,1,False,-0.0,0.5,False
72.28.243.247,6,2,0,1.0,3.0,False
73.103.34.144,2,2,0,1.0,3.0,False
73.103.82.183,1,1,False,-0.0,0.5,False
73.153.31.242,3,3,0,1.58,4.67,False
73.184.134.85,1,1,False,-0.0,0.5,False
73.199.68.238,6,2,0,1.0,3.0,False
73.200.124.36,1,1,False,-0.0,0.5,False
73.223.135.214,4,2,0,1.0,3.0,False
73.247.61.34,4,2,0,1.0,3.0,False
73.26.227.242,4,2,0,1.0,3.0,False
73.39.83.176,2,2,0,1.0,3.0,False
73.50.53.89,2,2,0,1.0,3.0,False
73.54.94.236,2,2,0,1.0,3.0,False
73.56.219.233,2,2,0,1.0,3.0,False
74.125.210.65,30,1,0,-0.0,0.5,False
74.125.210.66,33,1,0,-0.0,0.5,False
74.125.210.67,29,1,0,-0.0,0.5,False
74.125.210.69,1,1,False,-0.0,0.5,False
74.125.210.70,1,1,False,-0.0,0.5,False
74.125.218.37,2,1,0,-0.0,0.5,False
74.125.218.38,6,3,0,1.46,4.42,False
74.125.218.39,3,2,0,0.92,2.84,False
74.178.242.135,1,1,False,-0.0,0.5,False
74.215.3.56,2,2,0,1.0,3.0,False
74.231.44.83,4,2,0,1.0,3.0,False
74.235.8.100,1,1,False,-0.0,0.5,False
74.248.24.238,32,32,32,5.0,74.0,True
74.7.242.178,1,1,False,-0.0,0.5,False
74.7.243.240,1,1,False,-0.0,0.5,False
74.80.181.141,1,1,False,-0.0,0.5,False
75.100.20.52,2,2,0,1.0,3.0,False
75.100.200.168,18,2,0,1.0,3.0,False
75.100.22.169,2,2,0,1.0,3.0,False
75.168.197.96,1,1,False,-0.0,0.5,False
75.168.231.230,1,1,False,-0.0,0.5,False
75.231.120.140,2,2,0,1.0,3.0,False
76.151.196.252,4,2,0,1.0,3.0,False
76.29.232.90,2,2,0,1.0,3.0,False
76.35.209.43,1,1,False,-0.0,0.5,False
78.142.18.40,10,5,3,2.05,11.09,True
78.182.150.113,1,1,False,-0.0,0.5,False
78.211.138.207,1,1,False,-0.0,0.5,False
79.137.171.3,1,1,False,-0.0,0.5,False
79.139.36.160,1,1,False,-0.0,0.5,False
8.221.47.74,1,1,False,-0.0,0.5,False
82.167.220.128,1,1,False,-0.0,0.5,False
82.194.23.67,1,1,False,-0.0,0.5,False
82.215.99.29,1,1,False,-0.0,0.5,False
83.171.206.233,1,1,False,-0.0,0.5,False
84.37.182.102,1,1,False,-0.0,0.5,False
84.37.98.74,1,1,False,-0.0,0.5,False
84.54.70.178,1,1,False,-0.0,0.5,False
84.54.86.12,1,1,False,-0.0,0.5,False
85.204.122.175,1,1,False,-0.0,0.5,False
85.208.96.200,1,1,False,-0.0,0.5,False
85.208.98.18,8,1,0,-0.0,0.5,False
85.254.112.47,1,1,False,-0.0,0.5,False
85.95.188.74,1,1,False,-0.0,0.5,False
86.125.60.68,1,1,False,-0.0,0.5,False
86.51.92.12,1,1,False,-0.0,0.5,False
87.200.44.189,1,1,False,-0.0,0.5,False
87.250.224.246,1,1,False,-0.0,0.5,False
87.250.224.250,1,1,False,-0.0,0.5,False
87.250.224.32,1,1,False,-0.0,0.5,False
88.236.72.191,1,1,False,-0.0,0.5,False
89.117.104.28,49,49,0,5.61,35.73,True
89.147.179.123,1,1,False,-0.0,0.5,False
89.249.230.35,1,1,False,-0.0,0.5,False
9.169.124.5,1,1,False,-0.0,0.5,False
90.1.146.101,1,1,False,-0.0,0.5,False
90.79.235.219,2,1,0,-0.0,0.5,False
91.129.107.41,1,1,False,-0.0,0.5,False
91.225.162.153,1,1,False,-0.0,0.5,False
91.239.130.201,49,49,0,5.61,35.73,True
91.99.223.226,5,1,0,-0.0,0.5,False
92.119.63.138,1,1,False,-0.0,0.5,False
92.142.17.132,1,1,False,-0.0,0.5,False
92.50.34.11,1,1,False,-0.0,0.5,False
92.63.204.24,1,1,False,-0.0,0.5,False
93.179.121.119,1,1,False,-0.0,0.5,False
94.153.26.253,1,1,False,-0.0,0.5,False
94.20.98.42,1,1,False,-0.0,0.5,False
95.105.64.41,1,1,False,-0.0,0.5,False
95.108.213.125,1,1,False,-0.0,0.5,False
95.108.213.149,1,1,False,-0.0,0.5,False
95.108.213.171,1,1,False,-0.0,0.5,False
95.108.213.197,1,1,False,-0.0,0.5,False
95.108.213.210,1,1,False,-0.0,0.5,False
95.108.213.246,1,1,False,-0.0,0.5,False
95.139.140.142,1,1,False,-0.0,0.5,False
95.159.95.56,1,1,False,-0.0,0.5,False
95.214.211.148,1,1,False,-0.0,0.5,False
95.87.65.120,1,1,False,-0.0,0.5,False
96.248.73.99,4,4,0,2.0,6.0,False
96.28.125.18,2,2,0,1.0,3.0,False
96.40.231.62,1,1,False,-0.0,0.5,False
96.41.70.14,4,2,0,1.0,3.0,False
97.104.156.58,2,2,0,1.0,3.0,False
97.148.223.155,4,4,0,2.0,6.0,False
97.83.224.136,8,2,0,1.0,3.0,False
97.95.29.117,2,2,0,1.0,3.0,False
98.143.131.3,1,1,False,-0.0,0.5,False
98.160.143.45,1,1,False,-0.0,0.5,False
98.169.36.113,2,2,0,1.0,3.0,False
98.206.103.90,2,2,0,1.0,3.0,False
98.237.119.166,1,1,False,-0.0,0.5,False
98.83.226.125,1,1,False,-0.0,0.5,False
98.85.181.103,1,1,False,-0.0,0.5,False
98.97.39.15,2,2,0,1.0,3.0,False
99.112.18.7,2,2,0,1.0,3.0,False
99.127.162.129,1,1,False,-0.0,0.5,False
