normalized_url,total_hits,unique_ips,php
/apple-touch-icon.png,185,128,0
/.well-known/assetlinks.json,185,10,0
/apple-touch-icon-precomposed.png,168,114,0
/courses/page/25,155,152,0
/courses/page/23,140,137,0
/courses/power-electronics-design-boot-camp-electrical-thermal-emi-reliability-and-new-devices,109,102,0
,50,50,0
/segment/energy,37,6,0
/about.php,33,22,33
/courses/qrm-for-supply-chain-purchasing-professionals-reducing-lead-times-and-enhancing-responsiven,33,33,0
/wp-content/plugins/hellopress/wp_filemanager.php,33,25,33
/courses/hybrid-and-electric-vehicle-design-boot-camp,30,29,0
/admin.php,30,17,30
/sse,28,17,0
/mcp,28,17,0
/file.php,25,18,25
/courses/permanent-magnet-machine-design-boot-camp-internal-pm-surface-pm-and-brushless-dc,24,24,0
/topic/electric-power/power-electronics-machines-and-drives,23,22,0
/courses/pe-ethics-workshop-v-exploring-problems-with-bias-influence-and-conflict-of-interest-in-pro,23,23,0
/wp.php,23,13,23
/app/uploads/2017/09/2017-05-13_11-15-55_138-e1506699700165.jpeg,23,16,0
/courses/traffic-engineering-fundamentals,22,20,0
/ioxi-o.php,22,16,22
/online-degree/electrical-engineering-power-engineering,22,6,0
/dropdown.php,22,12,22
/ip,21,21,0
/courses/fundamentals-of-distributed-energy-resources,21,21,0
/alfa.php,21,12,21
/classwithtostring.php,21,14,21
/courses/how-to-design-office-cells-to-reduce-lead-times-for-custom-products,20,20,0
/buy.php,20,12,20
/info.php,20,14,20
/program-director-contact-form,20,19,0
/autoload_classmap.php,20,11,20
/moon.php,20,11,20
/ads.txt,19,10,0
/cong.php,19,12,19
/courses/diesel-engine-performance-and-aftertreatment-systems,19,19,0
/courses/reliability-centered-and-other-maintenance-management-best-practices,19,19,0
/apple-touch-icon-120x120-precomposed.png,18,18,0
/abcd.php,18,12,18
/index/function.php,18,10,18
/courses/preventive-maintenance-optimization,18,18,0
/courses/diesel-and-spark-ignited-engine-control-systems,18,18,0
/apple-touch-icon-120x120.png,18,18,0
/simple.php,17,11,17
/wp-good.php,17,11,17
/doc.php,17,13,17
/shell20211028.php,17,7,17
/content.php,17,12,17
/courses/how-to-design-shop-floor-cells-to-reduce-lead-times-for-custom-products,17,17,0
/app/uploads/2017/09/IMG_1926-e1506700019124.jpg,16,14,0
/xmrlpc.php,16,10,16
/courses/dynamics-and-control-of-ac-drives,16,15,0
/flower.php,16,9,16
/wp-content/themes/seotheme/mar.php,16,7,16
/online-degree/mechanical-engineering-controls,16,5,0
/online-graduate-programs/capstone-certificates/power-conversion-control/how-to-apply-pcccc,15,15,0
/install.php,15,12,15
/adminfuns.php,15,9,15
/courses/ac-machine-design-fundamentals-induction-motors-pm-motors-mechanical-design-thermal-design-,15,13,0
/courses/arc-flash-analysis,15,15,0
/edit.php,15,9,15
/courses/polca-the-people-friendly-production-control-system-for-high-mix-low-volume-and-custom-prod,14,14,0
/wp-content/themes/about.php,14,9,14
/404.php,14,10,14
/courses/Preventive-Maintenance-Optimization,14,14,0
/courses/chilled-water-plant-design,14,14,0
/inputs.php,14,9,14
/themes.php,13,7,13
/wp-includes/Text/about.php,13,7,13
/shell.php,13,9,13
/x.php,13,10,13
/courses/how-to-decrease-supply-chain-lead-times-for-high-mix-and-custom-products,13,13,0
/courses/how-to-use-manufacturing-critical-path-time-mct-for-continuous-improvement-and-lead-time-re,13,13,0
/as.php,13,12,13
/a2.php,12,9,12
/wp-includes/ID3/about.php,12,6,12
/403.php,12,9,12
/app/uploads/2017/12/EFI-Oil-Guard.png,12,4,0
/aa.php,12,7,12
/file2.php,12,7,12
/courses/quick-response-cost-estimating-and-quoting,12,12,0
/wp-2019.php,11,5,11
/ss.php,11,7,11
/menu.php,11,8,11
/courses/diesel-aftertreatment,11,11,0
/wp-admin/js/about.php,11,5,11
/courses/leading-for-sustainability-and-profitability,11,11,0
/courses/power-electronics-design-fundamentals-multiphysics-approach-for-cooling-emi-thermal-design-,11,11,0
/courses/introduction-to-quick-response-manufacturing,11,11,0
/.well-known/admin.php,11,5,11
/wp-includes/css/about.php,11,3,11
/asasx.php,11,6,11
/class-t.api.php,10,7,10
/goods.php,10,9,10
/courses/practical-strategies-to-support-cross-training-teamwork-and-empowerment-in-quick-response-c,10,10,0
/lufix.php,10,8,10
/geck.php,10,6,10
/chosen.php,10,8,10
/w.php,10,5,10
/courses/iec-61850-boot-camp,10,10,0
/1.php,10,9,10
/courses/how-companies-benefit-from-implementing-quick-response-for-high-mix-low-volume-products,10,10,0
/courses/mro-inventory-management,10,9,0
/program-specialty/building-codes-and-standards/page/2,10,10,0
/wp-content/shell20211028.php,10,4,10
/app/themes/sage-master/assets/scripts/ga.js,10,5,0
/atomlib.php,10,9,10
/courses/diesel-engine-performance,10,10,0
/app/uploads/2017/09/IMG_1930.jpg,10,9,0
/rip.php,10,9,10
/blog-verify,10,2,0
/wp-content/about.php,10,7,10
/app/themes/sage-master/assets/scripts/config.js,10,5,0
/courses/communications-for-power-system-protection-automation-and-smart-grid-technology,10,10,0
/courses/commercial-solar-pv-design-and-construction,9,9,0
/courses/cross-connection-control-surveying,9,9,0
/courses/critical-conversations-mastering-difficult-communication,9,9,0
/courses/foundations-of-signal-processing-for-engineers-and-data-scientists,9,9,0
/courses/slope-stability-and-landslides-2,9,9,0
/courses/machinery-lubrication-fundamentals,9,9,0
/lala.php,9,7,9
/log.php,9,8,9
/micro-learning/docs/cross-connection-control-decision-tree,9,9,0
/blog,9,9,0
/wordpress,9,9,0
/bolt.php,9,5,9
/222.php,9,8,9
/css.php,9,8,9
/elp.php,9,7,9
/courses/qrm-annual-conference,9,9,0
/courses/water-quality-in-distribution-systems-and-building-plumbing,9,9,0
/wp-content/plugins/fix/up.php,9,8,9
/makeasmtp.php,9,8,9
/nc4.php,9,4,9
/filesss.php,9,6,9
/wp-content/wp-conflg.php,9,4,9
/instructor/strzelec-andrea,9,9,0
/m.php,9,6,9
/program-specialty/ammonia-refrigeration/page/2,8,5,0
/app/uploads/2017/09/IMG_1929.jpg,8,8,0
/courses/si-engine-performance,8,8,0
/online-graduate-programs/masters-degrees/engineering-data-analytics/how-to-apply-meda,8,8,0
/lock360.php,8,6,8
/apple-touch-icon-152x152.png,8,6,0
/courses/fmea-and-rca-for-maintenance-and-reliability,8,8,0
/courses/reducing-lead-times-for-high-mix-and-custom-product-supply-chains,8,8,0
/apple-touch-icon-152x152-precomposed.png,8,6,0
/courses/page/22,8,8,0
/never-underestimate-the-influence-of-project-stakeholders-2,8,1,0
/wp-content/languages,8,4,0
/about/function.php,8,5,8
/cache.php,8,6,8
/app/uploads/2015/08/coursesearch1.jpg,8,2,0
/terms,8,4,0
/terms-of-service,8,4,0
/admin/function.php,8,5,8
/online-degrees/master-of-engineering-engine-systems/epd-625-633-engine-gas-dynamics-and-engine-boos,8,8,0
/bypass.php,8,7,8
/jmfi2.php,8,5,8
/ahax.php,8,5,8
/courses/preventive-maintenance-optimization-online,8,8,0
/k.php,7,7,7
/online-graduate-programs/masters-degrees/engineering-management/advisory-board,7,7,0
/online-degrees/master-of-engineering-engine-systems/epd-622-623-630-engine-design,7,7,0
/courses/introduction-to-the-2015-and-2018-international-building-code-ibc,7,6,0
/online-degree/power-conversion-and-control-certificate,7,7,0
/old,7,7,0
/app/uploads/2016/02/jordan-ben-2x3-72.png,7,2,0
/wso.php,7,4,7
/courses/5s-sort,7,7,0
/courses/using-tpem-to-improve-total-productive-maintenance-performance,7,7,0
/wp-content/uploads/admin.php,7,2,7
/zwso.php,7,5,7
/wp-content/themes/twentyfive/include.php,7,6,7
/wp-content/themes/seotheme/db.php,7,6,7
/wp-content/plugins/yanierin/akcc.php,7,2,7
/backup,7,7,0
/yanz.php,7,6,7
/bless.php,7,6,7
/wp-configs.php,7,6,7
/courses/predictive-maintenance-technologies-and-utilization,7,7,0
/wp,7,7,0
/xleet.php,7,2,7
/gm.php,7,4,7
/users.php,7,6,7
/p.php,7,5,7
/program-specialty/leadership/page/21,7,7,0
/radio.php,7,6,7
/courses/central-heating-plant-design,7,7,0
/alfa-rex.php,6,5,6
/h.php,6,3,6
/wp-miiss.php.php,6,4,6
/https:/interpro.wisc.edu/about/contact-us,6,5,0
/courses/principles-of-simulation-modeling-and-digital-twins,6,6,0
/courses/performance-development-of-internal-combustion-engines,6,6,0
/ioxi.php,6,6,6
/app/themes/sage-master/dist/scripts/main.js,6,3,0
/an.php,6,3,6
/gmo.php,6,3,6
/admin,6,6,0
/instructor/steudel-harry,6,6,0
/ae.php,6,5,6
/wp-info.php,6,5,6
/courses/introduction-to-simulation-modeling-and-digital-twins,6,6,0
/mds.php,6,3,6
/luxe.php,6,3,6
/class19.php,6,6,6
/test.php,6,3,6
/topic/vehicles-and-powertrains/how-to-apply-edcc,6,6,0
/courses/basics-of-manufacturing-engineering,6,6,0
/app/themes/sage-master/dist/styles/main.css,6,3,0
/courses/Introduction-to-Electromagnetic-Interference-and-Compatibility-,6,2,0
/wp-admin/class-db.php,6,4,6
/8xyz.php,6,6,6
/class.api.php,6,5,6
/wp-includes/about.php,6,5,6
/cjfuns.php,6,5,6
/wp-admin/js/wp-conflg.php,6,6,6
/wp-admin/maint/about.php,6,6,6
/bnn_.php,6,4,6
/1337.php,6,4,6
/bak.php,6,5,6
/wp-includes/IXR/moon.php,6,3,6
/system.php,6,3,6
/courses/analyzing-and-minimizing-distribution-system-harmonic-and-transient-disturbances,6,6,0
/online-graduate-programs/masters-degrees/manufacturing-systems-engineering/request-info-mse,6,6,0
/online-graduate-programs/masters-degrees/manufacturing-systems-engineering/how-to-apply-mse,6,6,0
/online-graduate-programs/capstone-certificates/applied-engineering-management/how-to-apply-aem,6,6,0
/online-graduate-programs/masters-degrees/sustainable-systems-engineering/info-session-sustainable-s,6,6,0
/png.php,6,3,6
/position-listing-adjunct-instructor-powertrain-electrification,6,6,0
/courses/introduction-to-electromagnetic-interference-and-compatibility-emiemc-and-best-practices,6,6,0
/wsd.php,6,6,6
/ws.php,6,5,6
/professional-development-certificates/qualified-commissioning-process-provider-certificate/exam-rev,6,6,0
/o.php,6,3,6
/courses/ic-engine-mechanical-design,6,6,0
/program-specialty/leadership-and-management/page/3,6,6,0
/courses/improving-teamwork-and-empowerment-in-quick-response-cells,6,6,0
/category/news/page/8,5,5,0
/courses/propulsion-for-light-rail-vehicles,5,5,0
/category/news/page/9,5,5,0
/category/news/page/12,5,5,0
/courses/diesel-engine-system-controls,5,5,0
/blog.php,5,4,5
/courses/increasing-efficiencies-through-5s-and-visual-management,5,4,0
/ccx,5,4,0
/ze.php,5,3,5
/assets/css/403.php,5,4,5
/asd67.php,5,3,5
/apsarasarts/okk.php,5,3,5
/~norapump/hah.php,5,3,5
/courses/introduction-to-predictive-maintenance-technologies,5,5,0
/wp-is.php,5,3,5
/courses/process-hazard-analysis-emphasizing-ammonia-refrigeration-systems,5,5,0
/wp-pano.php,5,4,5
/cgi-bin/about.php,5,4,5
/courses/building-science-fundamentals,5,5,0
/wrt.php,5,3,5
/wp4.php,5,3,5
/wp/wp-includes,5,3,0
/courses/overview-of-preventive-maintenance-optimization,5,5,0
/wp-site-analytics.php,5,4,5
/courses/pilot-plant-equipment-1-fundamentals-for-proper-selection,5,5,0
/courses/pilot-plant-equipment-2-safe-installation-and-operation,5,5,0
/cgi-bin/xmrlpc.php,5,4,5
/courses/5s-shine,5,5,0
/cool.php,5,3,5
/wp-sigunq.php,5,4,5
/xl2023.php,5,4,5
/wso112233.php,5,4,5
/courses/laser-welding-mastering-the-technology,5,5,0
/courses/engineering-economic-analysis-and-management,5,5,0
/wp-includes/Requests/Transport/post.Php,5,4,0
/courses/the-commissioning-processes-for-lighting-control-systems,5,5,0
/wp-admin/ccx,5,4,0
/wp-admin/user/xmrlpc.php,5,4,5
/wp-admin/plugin.php,5,4,5
/wp-admin/network/xmrlpc.php,5,4,5
/wp-admin/network/cloud.php,5,4,5
/wp-admin/includes/class_api.php,5,4,5
/wp-admin/includes/about.php,5,4,5
/wp-admin/images/xmrlpc.php,5,4,5
/wp-admin/images/admin.php,5,4,5
/wp-admin/images/about.php,5,4,5
/wp-admin/dropdown.php,5,4,5
/wp-admin/css/colors/blue/about.php,5,4,5
/wp-admin/css/about.php,5,4,5
/worm0.PhP7,5,4,0
/skin/install/default/security.php,5,3,5
/wen.php,5,5,5
/vx.php,5,5,5
/uw_csis_program_specialties-sitemap.xml,5,1,0
/upload/uday.php,5,4,5
/upload/2021_02_08/config.inc.php,5,4,5
/upfile.php,5,4,5
/updates.php,5,4,5
/update/wpupex.php,5,3,5
/ton.php,5,3,5
/test_404_page,5,3,0
/sxo.php,5,3,5
/sto.php,5,3,5
/wp-admin/x.php,5,4,5
/wp-apxupx.php,5,4,5
/wp-blog.php,5,4,5
/wp-conflg.php,5,4,5
/wp-includes/Requests/Auth/images.php,5,4,5
/wp-includes/IXR/about.php,5,4,5
/wp-head.php,5,4,5
/wp-content/wso.php,5,4,5
/wp-content/themes/twentyseventeen/page,5,4,0
/wp-content/themes/travelscape/json.php,5,4,5
/wp-includes/Requests/about.php,5,4,5
/wp-content/themes/travel/issue.php,5,4,5
/wp-content/themes/pridmag/db.php,5,4,5
/wp-content/themes/deeto/login.php,5,3,5
/wp-content/plugins/wp-mail-smtp/src/content.php,5,4,5
/wp-content/plugins/wp-apxupx.php,5,4,5
/wp-content/plugins/seoplugins/mar.php,5,4,5
/wp-content/plugins/seoplugins/db.php,5,4,5
/wp-content/plugins/revslider/includes/external/page,5,4,0
/wp-content/plugins/linkpreview/db.php,5,4,5
/wp-includes/SimplePie/about.php,5,4,5
/wp-content/plugins/core/include.php,5,4,5
/wp-content/plugins/contact-form-7/includes/js/jquery-ui/themes/smoothness/admin.php,5,4,5
/wp-content/plugins/Core-EconX/up.php,5,3,5
/wp-content/languages/plugins/admin.php,5,4,5
/wp-content/json.php,5,3,5
/wp-content/gallery/about.php,5,4,5
/wp-content/ccx,5,4,0
/wp-content/banners/about.php,5,4,5
/staff-spotlight-justin-kyle-bush,5,5,0
/server.php,5,4,5
/db.php,5,3,5
/ho/wpup.php,5,3,5
/wp-includes/Requests/Text/admin.php,5,4,5
/ini.php,5,4,5
/wp-includes/pomo/about.php,5,4,5
/wp-includes/random_compat/bala.php,5,4,5
/wp-includes/rest-api/about.php,5,4,5
/img.php,5,5,5
/images/resumes/by.php,5,4,5
/images/fk2e3,5,3,0
/images/cloud.php,5,4,5
/images/c99.php,5,3,5
/images/about.php,5,4,5
/hzz.php,5,3,5
/gib.php,5,3,5
/wp-includes/assets/wp-trackback.php,5,4,5
/gawean.PhP7,5,4,0
/wp-includes/style-engine/about.php,5,4,5
/fw.php,5,4,5
/ftp.php,5,3,5
/frequently-asked-questions,5,5,0
/fm1.php,5,4,5
/wp-includes/themes.php,5,4,5
/f6.php,5,5,5
/exclusive-short-courses,5,5,0
/wp-includes/widgets/about.php,5,4,5
/wp-includes/wp-class.php,5,4,5
/defaul1.php,5,4,5
/ioxi-o2.php,5,4,5
/wp-includes/js/tinymce/plugins/fullscreen/about.php,5,4,5
/la.php,5,3,5
/wp-includes/js/470594182XmX.php,5,4,5
/rezor.php,5,3,5
/repeater.php,5,4,5
/raw.php,5,3,5
/program-specialty/leadership/page/5,5,5,0
/wp-includes/block-patterns/about.php,5,4,5
/professional-development-certificates/water-reclamation-certificate/past-recipients,5,5,0
/plugins.php,5,4,5
/packed.php,5,3,5
/online-graduate-programs/masters-degrees/power-engineering/request-info-power,5,5,0
/online-graduate-programs/masters-degrees/engineering-management/epd-613-international-engineering-s,5,5,0
/online-graduate-programs/masters-degrees/engineering-management/2020mem-summer-residency,5,5,0
/online-degrees/master-of-engineering-engine-systems/epd-629-powertrain-systems-and-controls,5,5,0
/online-degrees/master-of-engineering-engine-systems/epd-627-perspectives-on-engine-modeling,5,5,0
/wp-includes/block-supports/abe.php,5,4,5
/ol.php,5,5,5
/oivcl.php,5,4,5
/nf_tracking.php,5,4,5
/n3.php,5,3,5
/museu/yhweq.php,5,3,5
/wp-includes/blocks/table/int/tmpl,5,4,0
/wp-includes/css/dist/editor/radio.php,5,4,5
/mans.php,5,3,5
/mail.php,5,4,5
/mah.php,5,4,5
/wp-includes/images/about.php,5,4,5
/wp-includes/plugins.php,5,4,5
/hey.php,5,3,5
/.well-known/ans.php,5,4,5
/.trash7309/fafa,5,3,0
/.well-known/wso112233.php,5,4,5
/app/themes/sage-master/bower_components/isotope/dist/isotope.pkgd.js,5,5,0
/about/news/page/3,5,5,0
/acxx.php,5,4,5
/.well-known/about.php,5,4,5
/.tmb/class_api.php,5,4,5
/alfa-rex.php7,5,4,0
/.well-known/lo.php,5,4,5
/about/news/page/11,5,5,0
/alfanew.php,5,4,5
/.well-known/security.txt,4,4,0
/manager.php,4,3,4
/about/news/page/8,4,4,0
/wp-content/themes/hideo/network.php,4,3,4
/online-graduate-programs/capstone-certificates/power-conversion-control/request-info-pcccc,4,4,0
/instructor/fung-conrad,4,4,0
/course-spotlight-electromagnetic-design-of-ac-machines,4,2,0
/courses/principles-for-sustainability-for-engineered-works-case-studies-impacting-water-habitat-ene,4,4,0
/courses/piping-and-instrument-drawings-pids-what-you-need-to-know-to-read-create-and-use-them-effec,4,4,0
/.cache/x.php,4,3,4
/professional-development-certificates/water-reclamation-certificate/first-water-reclamation-certifi,4,4,0
/courses/sanitary-landfill-design,4,2,0
/online-graduate-programs/masters-degrees/manufacturing-systems-engineering/-master-of-engineering,4,4,0
/micro-learning/courses/wisconsin-cross-connection-control-tester-refresher-course,4,4,0
/sitemaps.xml,4,3,0
/class.php,4,4,4
/courses/successful-laboratory-design-grass-roots-renovations-and-relocations,4,3,0
/mees-student-spotlight-mary-savalle-exemplifies-a-commitment-to-life-long-learning,4,4,0
/courses/pilot-plant-and-laboratory-safety-2-real-hazards-proven-solutions,4,4,0
/app/uploads/2015/08/online-masters-manufacturing-systems-engineering.jpg,4,4,0
/wp-includes/images/wp-login.php,4,4,4
/virtual-office-hours,4,4,0
/we.php,4,4,4
/about/news/page/12,4,4,0
/online-graduate-programs/masters-degrees/sustainable-systems-engineering/company-profiles,4,4,0
/test1.php,4,4,4
/online-graduate-programs/masters-degrees/sustainable-systems-engineering/request-info-sse,4,4,0
/about/news/page/16,4,4,0
/courses/machinery-lubrication-technician-level-1,4,4,0
/about/news/page/4,4,4,0
/v2.php,4,3,4
/abc.php,4,4,4
/online-graduate-programs/masters-degrees/engineering-management/how-to-apply-mem,4,4,0
/online-graduate-programs/masters-degrees/engineering-management/how-to-apply-engineering-management,4,4,0
/category/graduate-programs/powertrain-electrification/page/3,4,4,0
/category/news/page/11,4,4,0
/t.php,4,4,4
/courses/hec-ras-2d,4,2,0
/courses/hazard-identification-laboratory-and-research-operations,4,3,0
/user.php,4,3,4
/thebe.php,4,4,4
/class20.php,4,4,4
/courses/successful-liquid-mixing-scale-up-methods,4,4,0
/courses/increasing-safety-and-productivity-through-5s-and-visual-workplace,4,4,0
/ps.php,4,3,4
/tos,4,4,0
/courses/analyzing-and-minimizing-power-system-harmonic-and-transient-disturbances,4,4,0
/program-specialty/vehicles-and-powertrains/page/21,4,4,0
/gg.php,4,4,4
/dr.php,4,3,4
/xx.php,4,4,4
/reze.php,4,4,4
/assets,4,4,0
/asset-management-is-a-team-sport,4,4,0
/gettest.php,4,4,4
/courses/the-commissioning-process-for-leed-projects,4,4,0
/courses/advanced-si-performance-and-combustion,4,4,0
/courses/Predictive-Maintenance-Technologies-and-Utilization,4,4,0
/administrator,4,1,0
/topic/vehicles-and-powertrains/request-info-edcc,4,4,0
/des.php,4,3,4
/wp-content/plugins/classic-editor,4,3,0
/new.php,4,4,4
/security.txt,4,4,0
/ar.php,4,4,4
/dlu.php,4,3,4
/akcc.php,4,3,4
/wp-content/plugins/achdxhv/languages/admin.php,4,3,4
/sad/about.php,4,3,4
/online-degrees/master-of-engineering-engine-systems/football,4,4,0
/assets/images,4,4,0
/program-specialty/industrial/quick-response-manufacturing/page/2,4,4,0
/courses/18th-international-conference-on-quick-response-manufacturing,4,4,0
/courses/utilizing-additive-manufacturing-in-your-organization,4,4,0
/program-specialty/stormwater-rivers-and-groundwater/page/3,4,4,0
/online-degrees/master-of-engineering-engine-systems/epd-642-thermal-systems-engineering,4,4,0
/topic/facilities-and-building-systems/facilities,4,4,0
/topic/industrial/quick-response-manufacturing/index/login/signIn,4,1,0
/courses/5s-set-in-order,4,4,0
/166.php,4,4,4
/0x.php,4,4,4
/goat.php,4,4,4
/edit-tags.php,4,4,4
/program-specialty/stormwater-rivers-and-groundwater/page/2,4,3,0
/courses/troubleshooting-laser-welds,4,4,0
/upload,3,3,0
/Assets,3,3,0
/vendor,3,3,0
/nyan.php,3,3,3
/courses/38380,3,3,0
/vendor/phpunit/phpunit/src/Util/PHP,3,3,0
/up.php,3,3,3
/mini.php,3,3,3
/lv.php,3,3,3
/a1.php,3,3,3
/mode.php,3,3,3
/micro-learning/courses/asse-5130-cross-connection-control-repairer-certification,3,3,0
/upload/image,3,3,0
/uploads,3,3,0
/modules,3,3,0
/courses/dryer-technology,3,3,0
/a.php,3,3,3
/app/uploads/2015/08/onlinesustain.jpg,3,3,0
/Admin/uploads,3,3,0
/courses/financial-acumen-for-the-engineer,3,3,0
/modules/mod_simplefileuploadv1.3/elements,3,3,0
/app/uploads/2015/08/onlineappliedcomputing.jpg,3,2,0
/courses/foundations-of-artificial-intelligence-and-machine-learning-for-decision-makers,3,3,0
/courses/fundamentals-of-engine-system-controls,3,3,0
/madison-college-digital-badges,3,3,0
/courses/how-to-break-down-departmental-silos-with-quick-response-office-cells-q-rocs,3,3,0
/micro-learning/courses/asse-cross-connection-control-tester-refresher,3,3,0
/33.php,3,3,3
/local,3,3,0
/gifclass4.php,3,3,3
/images/stories,3,3,0
/admin/controller/extension/extension,3,3,0
/admin/editor,3,3,0
/admin/fckeditor/editor/filemanager,3,3,0
/admin/images/slider,3,3,0
/images,3,3,0
/wp-content/plugins/wp-diambar/includes/loadme.php,3,2,3
/wp odwied-content/uploads/2024/03/2024-Wellik-TLC-Catalog_web.pdf,3,3,0
/ALFA_DATA,3,3,0
/admin/uploads,3,3,0
/wp-aaa.php,3,3,3
/admin/uploads/images,3,3,0
/gtc.php,3,3,3
/cwclass.php,3,3,3
/workshops/budgeting-for-public-works,3,3,0
/wp-content/plugins/ninja-forms,3,3,0
/12.php,3,3,3
/gecko.php,3,3,3
/wp-content/plugins/admin.php,3,2,3
/doing-more-with-less-how-uws-lean-operations-transformed-nercon,3,3,0
/wp-content/mu-plugins-old,3,3,0
/files.php,3,3,3
/files,3,3,0
/155.php,3,3,3
/edorxrr.php,3,3,3
/f35.php,3,3,3
/error.php,3,3,3
/wp-content/admin.php,3,3,3
/include,3,3,0
/.well-knownold,3,3,0
/w2025.php,3,3,3
/wisconsin-commercial-building-code-refresher-agenda,3,3,0
/jsond.php,3,3,3
/item.php,3,3,3
/app/themes/sage-master/dist/scripts/modernizr.js,3,3,0
/introducing-the-mees-minute,3,3,0
/courses/mastering Ï€-the-transition-from-technical-expert -to-leader,3,3,0
/courses/mastering-the-transition this-from-technical-expert-to-leader,3,3,0
/what-resources-are-available-to-online-badgers-2,3,3,0
/courses/medium-voltage-cables-in-nuclear-and-fossil-power-plants-characteristics-performance-condit,3,3,0
/courses/membrane-filtration-processes-and-technologies,3,3,0
/courses/nuts-and-bolts-of-personnel-management/www.fdl.uwc.edu,3,3,0
/about/news/page/5,3,3,0
/about/news/page/6,3,3,0
/courses/page/24,3,3,0
/courses/page/26,3,3,0
/wp-content/themes/admin.php,3,2,3
/instructor/jamieson-rebecca,3,3,0
/cost-effective-renewable-fuels-are-here,3,3,0
/courses/pilot-plant-and-laboratory-safety-1-basic-principles-and-code-compliance,3,3,0
/courses/pilot-plant-design-construction-and-operation,3,3,0
/api/v1/courses/using-warnings-and-instructions-to-increase-safety-and-reduce-liability/tabs,3,1,0
/api/v1/courses/principles-of-substation-design-and-construction/tabs,3,1,0
/.well-known/apple-app-site-association,3,2,0
/courses/powts-conference,3,3,0
/courses/predictive-maintenance,3,3,0
/api/v1/courses/interconnection-of-distributed-energy-resources-ders-and-grid-modernization/tabs,3,2,0
/wp-content/themes/classic/inc,3,3,0
/courses/preventive-maintenance-optimization-2,3,3,0
/courses/process-safety-management-audits-for-compliance-and-continuous-safety-improvement/wp-login.,3,1,0
/courses/performance-testing-of-blowers-for-wastewater-and-industrial-applications,3,3,0
/2.php,3,3,3
/category/degrees/page/3,3,3,0
/online-degrees/technical-project-management-online-graduate-course,3,1,0
/Site,3,3,0
/ccou.php,3,3,3
/siteheads.php,3,3,3
/ova.php,3,3,3
/online-graduate-programs/masters-degrees/engineering-data-analytics/request-info-meda,3,3,0
/x7.php,3,3,3
/online-graduate-programs/capstone-certificates/applied-engineering-management/request-info-aem,3,3,0
/sitemap.xml.gz,3,3,0
/bgymj.php,3,3,3
/yr.PHP,3,3,0
/sites/default/files,3,3,0
/size.php,3,3,3
/to.php,3,3,3
/past.php,3,3,3
/php,3,3,0
/online-graduate-programs/masters-degrees/engineering-management/epd-518-quality-engineering-and-qua,3,3,0
/r.php,3,3,3
/organizational-agility-in-digital-transformation-office-hours,3,3,0
/template,3,3,0
/online-graduate-programs/masters-degrees/polymer-engineering/how-to-apply-pe,3,3,0
/program-specialty/streets-highways-and-bridges/page/2,3,1,0
/online-graduate-programs/masters-degrees/manufacturing-systems-engineering/degree-inquiry-manufactu,3,3,0
/online-graduate-programs/masters-degrees/engineering-management/request-info-mem,3,3,0
/online-graduate-programs/masters-degrees/engineering-management/online-degrees/campus-connect,3,3,0
/online-graduate-programs/masters-degrees/engineering-management/masters-of-engineering-management-a,3,3,0
/wp-includes/random_compat,3,3,0
/online-graduate-programs/masters-degrees/engineering-management/epd-611-engineering-economics-and-m,3,3,0
/category/news/page/13,3,3,0
/online-graduate-programs/masters-degrees/engineering-management/epd-618-applied-leadership-and-mana,3,3,0
/online-graduate-programs/masters-degrees/engineering-management/epd-614-marketing-for-technical-pro,3,3,0
/online-graduate-programs/masters-degrees/engineering-management/epd-612-technical-project-managemen,3,3,0
/oo.php,3,3,3
/signalprocessinginvite,3,3,0
/program-specialty/ammonia-refrigeration/page/21,3,3,0
/re.php,3,3,3
/system,3,3,0
/zfile.php,3,3,3
/plugins,3,3,0
/app/uploads/2019/05/Bascom-Hill-web.jpg,3,3,0
/sx.php,3,3,3
/components,3,3,0
/zoo.php,3,3,3
/author/strzelec,3,3,0
/professional-development-certificates/technical leaders-leadership,3,3,0
/pp.php,3,3,3
/professional-development-certificates/sign-up-for-updates-lw,3,3,0
/professional-development-certificates/commissioning-certificate-2,3,3,0
/professional-development-certificates/qualified-commissioning-process-provider-certificate__trashed,3,3,0
/s.php,3,3,3
/asus.php,3,3,3
/ty.php,3,3,3
/okxh.php,3,3,3
/plss3.php,3,3,3
/styles.php,3,3,3
/shop,3,3,0
/az.php,3,3,3
/revision.php,3,3,3
/wp-includes/assets/autoload_classmap.php,3,2,3
/online-degrees/residency-2,3,3,0
/NewFile.php,3,3,3
/online-degrees/student-stories/share-your-experience,3,3,0
/html.php,2,2,2
/info.php.save.1,2,2,0
/program-specialty/ammonia-refrigeration/page/3,2,2,0
/https:/interpro.wisc.edu/courses,2,1,0
/admin/phpinfo.php,2,2,2
/https:/interpro.wisc.edu,2,1,0
/RA00061,2,2,0
/inde.php,2,2,2
/program-specialty/leadership/page/4,2,2,0
/how-to-escalate-issues-to-upper-management-without-crying-wolf,2,2,0
/sid3.php,2,2,2
/indeex.php,2,2,2
/hk.php,2,2,2
/shoyo.php,2,2,2
/sko.php,2,2,2
/program-specialty/geotechnical-and-solid-waste/page/2,2,2,0
/info.php.bak,2,2,0
/ss1.php,2,2,2
/siteinfo.php,2,2,2
/info,2,2,0
/program-specialty/project-management/page/21,2,2,0
/abtpn.php,2,2,2
/index,2,2,0
/iko.php,2,2,2
/program-specialty/building-codes-and-standards/page/21,2,2,0
/info-session-thank-you,2,2,0
/program-specialty/industrial/quick-response-manufacturing/page/21,2,2,0
/info.php.1,2,2,0
/id,2,2,0
/program-specialty/industrial/quick-response-manufacturing/page/3,2,2,0
/info.php.back,2,2,0
/icoxp.php,2,2,2
/program-specialty/leadership-and-management/page/21,2,2,0
/obfuscate.php,2,2,2
/program-specialty/project-management/page/3,2,2,0
/503.php,2,2,2
/wp-admin/maint/admin.php,2,2,2
/fileupload.php,2,2,2
/segment/leadership-management/project-management,2,2,0
/akc.php,2,2,2
/release_info.php,2,2,2
/retu11.PhP7,2,2,0
/file9.php,2,2,2
/wp-admin/radio.php,2,1,2
/file4.php,2,2,2
/3r.php,2,2,2
/root.php,2,2,2
/wp-api.php,2,2,2
/rrhbdzdz.php,2,2,2
/file1.php,2,2,2
/sanity.php,2,2,2
/fast.php,2,2,2
/faculty/tom-heffner,2,2,0
/al.php,2,2,2
/f5.php,2,2,2
/f355.php,2,2,2
/rrr.php,2,2,2
/ext.php,2,2,2
/wp-content/ALFA_DATA/alfacgiapi/wp-content/uploads/alfacgiapi/bash.alfa,2,1,0
/rzzaq.php,2,2,2
/wp-content/ALFA_DATA/alfacgiapi/wp-content/uploads/alfacgiapi/perl.alfa,2,1,0
/wp-content/ALFA_DATA/alfacgiapi/wp-content/uploads/alfacgiapi/py.alfa,2,1,0
/s1.php,2,2,2
/444.php,2,2,2
/flower2.php,2,2,2
/graduate,2,2,0
/wp-admin/includes/rk2.php,2,1,2
/wp-admin/css/colors/midnight/about.php,2,2,2
/program-specialty/renewable-energy-systems/page/3,2,2,0
/Jcrop.php,2,2,2
/global.php,2,2,2
/gifclass.php,2,2,2
/program-specialty/streets-highways-and-bridges/page/21,2,2,0
/program-specialty/transportation-infrastructure/page/21,2,2,0
/wp-admin/images/commentv.php,2,2,2
/aboutc.php,2,2,2
/ggfi.php,2,2,2
/program-specialty/vehicles-and-powertrains/page/5,2,2,0
/gfd.php,2,2,2
/sfcl.php,2,2,2
/set.php,2,2,2
/wp-admin/images/moon.php,2,2,2
/py.php,2,2,2
/segment/products-processes/advanced-processes,2,2,0
/gec.php,2,2,2
/wp-admin/images/wp-conflg.php,2,2,2
/admins.php,2,2,2
/555.php,2,2,2
/function.php,2,2,2
/RA00060,2,2,0
/ah21.php,2,2,2
/ah22.php,2,2,2
/ran.php,2,2,2
/ah25.php,2,2,2
/info.php_,2,2,0
/sym404.php,2,2,2
/RA01422,2,2,0
/mar.php,2,2,2
/micro-learning/courses/backflow-preventer-repair,2,2,0
/Content/ab-datepicker.css,2,2,0
/topic/cross-connection-control-and-back-flow-prevention,2,2,0
/micro-learning/courses/asse-5110-cross-connection-control-tester-certification,2,2,0
/tool.php,2,2,2
/epds-dr-andrea-strzelec-chosen-as-german-american-frontiers-of-engineering-symposium-participant/fe,2,2,0
/online-graduate-programs/about-online-graduate-programs,2,2,0
/uploads/ALFA_DATA/alfacgiapi/bash.alfa,2,1,0
/_info.php,2,2,2
/uploads/ALFA_DATA/alfacgiapi/perl.alfa,2,1,0
/uploads/ALFA_DATA/alfacgiapi/py.alfa,2,1,0
/tmpls.php,2,2,2
/online-graduate-programs/capstone-certificates/polymer-processing-manufacturing/-capstone-certifica,2,2,0
/init.php,2,2,2
/online-graduate-programs/capstone-certificates/polymer-processing-manufacturing/how-to-apply-ppmcc,2,2,0
/main.php,2,2,2
/uploads/alfacgiapi/bash.alfa,2,1,0
/thoms.php,2,2,2
/uploads/alfacgiapi/perl.alfa,2,1,0
/uploads/alfacgiapi/py.alfa,2,1,0
/uploaxa1.php,2,2,2
/mah/xBrain.php,2,2,2
/aa2.php,2,2,2
/online-graduate-programs/masters-degrees/engineering-management/epd-616-engineering-law,2,2,0
/aaa.php,2,2,2
/online-graduate-programs/masters-degrees/engineering-management/epd-706-change-management,2,2,0
/micro-learning/courses/cross-connection-control-and-backflow-prevention-tester,2,2,0
/micro-learning/home,2,2,0
/mk.php,2,2,2
/upload/alfacgiapi/py.alfa,2,1,0
/online-degree/environmental-engineering,2,2,0
/tox.php,2,2,2
/update/f35.php,2,2,2
/online-degrees/capstone-inquiry-foundations-of-professional-development,2,2,0
/Content/Accessibility.css,2,2,0
/num.php,2,2,2
/online-degrees/degree-inquiry-electrical-engineering-power-engineering,2,2,0
/nlvbr.php,2,2,2
/newinfo.php,2,2,2
/topic/vehicles-and-powertrains/emissions-and-environment,2,2,0
/online-degrees/degree-inquiry-sustainable-systems-engineering,2,2,0
/neshe.php,2,2,2
/nearly-10-percent-of-u-s-wisconsin-bridges-deficient,2,2,0
/upload/ALFA_DATA/alfacgiapi/bash.alfa,2,1,0
/upload/ALFA_DATA/alfacgiapi/perl.alfa,2,1,0
/upload/ALFA_DATA/alfacgiapi/py.alfa,2,1,0
/my1.php,2,2,2
/topic/transportation-infrastructure/public-works-and-muncipal,2,2,0
/online-degrees/master-of-engineering-engine-systems,2,2,0
/ms-edit.php,2,2,2
/upload/alfacgiapi/bash.alfa,2,1,0
/online-degrees/master-of-engineering-engine-systems/degree-inquiry-engine-systems,2,2,0
/X7x.php,2,2,2
/upload/alfacgiapi/perl.alfa,2,1,0
/mm.php,2,2,2
/online-graduate-programs/masters-degrees/engineering-management/epd-710-foundations-of-engineering-,2,2,0
/ut.php,2,2,2
/uw-madison-professor-launches-campaign-provide-hurricane-relief-puerto-rico,2,2,0
/tcnyz.php,2,2,2
/ot.php,2,2,2
/oxshell.php,2,2,2
/page/12,2,2,0
/whitepaper/understanding-public-water-supply-in-the-u-s,2,2,0
/interdisciplinary-professional-certificates/process-safety-management-professional-certificate,2,2,0
/wikindex.php,2,2,2
/pageinfo.php,2,2,2
/panel.php,2,2,2
/pegi.PhP8,2,2,0
/ph33w.php,2,2,2
/php-info.php,2,2,2
/instructor/jahns-thomas,2,2,0
/php.php,2,1,2
/phpbb/phpinfo.php,2,2,2
/ok.php,2,2,2
/phpinfo.php.txt,2,2,0
/phpinfo.php3,2,2,0
/ALFA_DATA/alfacgiapi/bash.alfa,2,1,0
/styll.php,2,2,2
/priv.php,2,2,2
/sts.php,2,2,2
/worksec.php,2,2,2
/professional-development-certificates/certificate-inquiry-qualified-commissioning-process-provider,2,2,0
/staff-type/faculty-and-staff,2,2,0
/sst.php,2,2,2
/taktak.php,2,2,2
/temp.php/wp-update.php,2,2,2
/vv.php,2,2,2
/about/news/page/2,2,2,0
/test/info.php,2,2,2
/load.php,2,2,2
/lkj.php,2,2,2
/ALFA_DATA/alfacgiapi/py.alfa,2,1,0
/lib.php,2,2,2
/w1.php,2,2,2
/RIP.php,2,2,2
/wag.php,2,2,2
/online-graduate-programs/masters-degrees/polymer-engineering/request-info-PE,2,2,0
/keyword/enclosure-problems,2,1,0
/online-graduate-programs/masters-degrees/polymer-engineering/request-info-pe,2,2,0
/wefile.php,2,2,2
/RA18006,2,2,0
/js/sxx.php,2,2,2
/ALFA_DATA/alfacgiapi/perl.alfa,2,1,0
/js,2,2,0
/jp.php,2,1,2
/about/news/page/14,2,2,0
/jane.php,2,2,2
/online-graduate-programs/masters-degrees/sustainable-systems-engineering/master-of-engineering-in-s,2,2,0
/it.php,2,2,2
/iswfg.php,2,2,2
/irc.js.php,2,2,2
/tempae.php,2,2,2
/ioxi001.PhP7,2,2,0
/meta.json,2,2,0
/sarlioglu-receives-nagamori-award/feed,2,2,0
/courses/laboratory-design,2,2,0
/assets/as.php,2,2,2
/core.php,2,2,2
/assets/upload/alfacgiapi/perl.alfa,2,1,0
/assets/upload/alfacgiapi/py.alfa,2,1,0
/app/themes/sage-master/dist/scripts/main-1174482a09.js,2,1,0
/courses/mastering-the-transition-from-technical-expert-to-manager,2,2,0
/bp.php,2,2,2
/wwx.php,2,2,2
/wp-content/upgrade/ALFA_DATA/alfacgiapi/bash.alfa,2,1,0
/wp-content/upgrade/ALFA_DATA/alfacgiapi/perl.alfa,2,1,0
/app/themes/sage-master/dist/scripts/main-2df74690af.js,2,1,0
/courses/legal-aspects-of-engineering-public-works-and-construction,2,2,0
/courses/leading-lean-management-tools-and-techniques-for-achieving-and-sustaining-meaningful-result,2,2,0
/wp-content/upgrade/ALFA_DATA/alfacgiapi/py.alfa,2,1,0
/app/themes/sage-master/dist/scripts/modernizr-8895641e34.js,2,2,0
/courses/laboratory-hood-operation-selection-and-use-for-safe-installations,2,2,0
/courses/introductory-principles-of-engineering-project-management,2,1,0
/app/themes/sage-master/dist/styles/main-d88c0980fc.css,2,1,0
/app/themes/sage-master/dist/styles/main-eb736663e9.css,2,1,0
/wp-content/upgrade/about.php,2,2,2
/courses/introduction-to-induction-motors-and-power-transformers-applications-and-principles-of-oper,2,2,0
/assets/uploads/ALFA_DATA/alfacgiapi/bash.alfa,2,1,0
/wp-content/upgrade/alfacgiapi/bash.alfa,2,1,0
/wp-content/upgrade/alfacgiapi/perl.alfa,2,1,0
/wp-content/themes/twentytwenty,2,2,0
/wp-content/themes/twentythirteen,2,1,0
/assets/upload/alfacgiapi/bash.alfa,2,1,0
/courses/pumps-and-motors,2,2,0
/assets/css,2,2,0
/.env.docker.dev,2,2,0
/assets/images/accesson.php,2,1,2
/.env.development.local,2,2,0
/wp-content/themes/ALFA_DATA/alfacgiapi/bash.alfa,2,1,0
/wp-content/themes/ALFA_DATA/alfacgiapi/perl.alfa,2,1,0
/bipas.php,2,2,2
/api,2,2,0
/courses/railroad-track-construction-project-management,2,2,0
/assets/upload/ALFA_DATA/alfacgiapi/bash.alfa,2,1,0
/assets/upload/ALFA_DATA/alfacgiapi/perl.alfa,2,1,0
/app/plugins/gravityforms/js/jquery.maskedinput.min.js,2,1,0
/wp-content/themes/alfacgiapi/bash.alfa,2,1,0
/wp-content/themes/alfacgiapi/perl.alfa,2,1,0
/wp-content/themes/alfacgiapi/py.alfa,2,1,0
/assets/upload/ALFA_DATA/alfacgiapi/py.alfa,2,1,0
/wp-includes/Requests/Exception,2,2,0
/.well-known/content.php,2,2,2
/bs2.php,2,2,2
/courses/powder-and-bulk-mixing-processes-and-equipment,2,2,0
/app/plugins/gravityforms/js/gravityforms.min.js,2,1,0
/app/plugins/gravityforms/js/jquery.json.min.js,2,1,0
/courses/introduction-to-electrical-energy-storage-devices-and-systems-batteries-supercapacitors-cha,2,2,0
/assets/uploads/ALFA_DATA/alfacgiapi/perl.alfa,2,1,0
/assets/uploads/ALFA_DATA/alfacgiapi/py.alfa,2,1,0
/baixy.php,2,2,2
/courses/fundamentals-of-distribution-system-voltage-control,2,2,0
/autoload_classmap/function.php,2,2,2
/courses/evaporators-designing-evaluating-and-operating,2,2,0
/av.php,2,2,2
/courses/evaporative-crystallizers,2,2,0
/wp-content/uploads/wp-login.php,2,2,2
/courses/asset-life-cycle-management,2,2,0
/courses/effective-manufacturing-planning-scheduling-and-control,2,2,0
/wp-update.php,2,2,2
/wp-tot.php,2,2,2
/wp-themes.php,2,2,2
/black.php,2,2,2
/wp-su.php,2,2,2
/wp-site.php,2,2,2
/bayss.php,2,2,2
/.env.backup,2,2,0
/courses/critical-conversations-mastering-verbal-communication,2,2,0
/.env.bak,2,2,0
/courses/courses,2,2,0
/bjfl.php,2,2,2
/courses/commercial-drone-applications-strategic-implications-for-decision-makers,2,2,0
/courses/combustible-dusts-general-hazards-and-code-compliance,2,2,0
/app/uploads/2015/12/infrawaterbackflow.jpg,2,2,0
/wp-content/uploads/wpr-addons/forms/b1ack.php,2,2,2
/wp-content/upgrade/alfacgiapi/py.alfa,2,1,0
/blurbs18.php,2,2,2
/www,2,2,0
/courses/international-multidimensional-engine-modeling-meeting,2,2,0
/wp-content/uploads/1.php,2,2,2
/courses/innovation-for-civil-and-environmental-professionals-a-whole-brain-approach,2,2,0
/.env.dev,2,2,0
/bnm.php,2,2,2
/assets/uploads/alfacgiapi/bash.alfa,2,1,0
/assets/uploads/alfacgiapi/perl.alfa,2,1,0
/assets/uploads/alfacgiapi/py.alfa,2,1,0
/wp-content/uploads/2020/06/Badge-OnlinePrograms-GradEngineering-2020.png,2,2,0
/app/uploads/2016/05/FPD_2019-2022_CourseSchedule.pdf,2,2,0
/author/osday,2,2,0
/ws38.php,2,2,2
/wp-mt.php,2,2,2
/wp-content/ai1wm-backups/about.php,2,1,2
/courses/hybrid-and-electric-vehicle-boot-camp-architectures-electric-machines-power-electronics-and,2,2,0
/atx.php,2,2,2
/wp-content/uploads/2022/08/2022-TLC-Information-and-Schedule.pdf,2,2,0
/wp-rss4.php,2,2,2
/bless14.php,2,2,2
/wp-editor.php,2,1,2
/wp-set.php,2,2,2
/xpwer1.php,2,2,2
/wp-content/themes/ALFA_DATA/alfacgiapi/py.alfa,2,1,0
/wp-content/shell.php,2,2,2
/wp-content/plugins/contact-form-7/admin/js,2,2,0
/dox.php,2,2,2
/z60.php,2,2,2
/wp-content/lock360.php,2,2,2
/doko.php,2,2,2
/docs.php,2,2,2
/category/news/vehicles-and-powertrains/page/2,2,2,0
/wp-includes/Text/Diff/Engine/about.php,2,2,2
/alfacgiapi/perl.alfa,2,1,0
/apps/admin/view/default/images/logo.png,2,1,0
/co.php,2,2,2
/dmc/courses/self-study-courses,2,2,0
/dmc,2,2,0
/digital-skills/digital-skills-program-inquiry,2,2,0
/ar/mgsl.php,2,2,2
/dgdaolin.php,2,2,2
/courses/strategies-to-stand-out-build-executive-presence-through-powerful-presentations,2,2,0
/ypukprhr.php,2,2,2
/dex.php,2,2,2
/category/news/vehicles-and-powertrains/engines-vehicles-and-powertrains/page/2,2,2,0
/dev1s.php,2,2,2
/wp-content/plugins/contact-form-7,2,2,0
/defaults.php,2,2,2
/alfacgiapi/py.alfa,2,1,0
/category/power-engineering,2,1,0
/z9v.php,2,2,2
/wp-includes/install.php,2,2,2
/ccs.php,2,2,2
/environment.php,2,2,2
/.aws/credentials,2,2,0
/choose-life-four-simple-steps-to-improve-your-presentation-performance,2,2,0
/wp-content/alfacgiapi/bash.alfa,2,1,0
/wp-content/alfacgiapi/perl.alfa,2,1,0
/wp-content/alfacgiapi/py.alfa,2,1,0
/engineering-data-analytics-info-sessions,2,2,0
/engaged-learning-online-mean-online-graduate-engineering-student,2,2,0
/app/uploads/2016/12/Fundamentals_Computer_Data_Center_Design.jpg,2,2,0
/class-admin.php,2,2,2
/zr.php,2,2,2
/classgoto24.php,2,2,2
/zmia.php,2,2,2
/wp-content/fonts,2,2,0
/editor.php,2,2,2
/easy.php,2,2,2
/apple-app-site-association,2,1,0
/cccc.php,2,2,2
/class.1.php,2,2,2
/dup-installer/main.installer.php,2,2,2
/alfacgiapi/bash.alfa,2,1,0
/drfabyqp.php,2,2,2
/ddd.php,2,2,2
/app/uploads/2015/10/General_Information_Jan2017.pdf,2,2,0
/wp-includes/SimplePie/wp-login.php,2,2,2
/courses/understanding-water-chemistry-for-practical-application,2,2,0
/assets/ALFA_DATA/alfacgiapi/bash.alfa,2,1,0
/assets/ALFA_DATA/alfacgiapi/perl.alfa,2,1,0
/06.php,2,2,2
/assets/ALFA_DATA/alfacgiapi/py.alfa,2,1,0
/xvent.php,2,2,2
/xvde.php,2,2,2
/xtride.php,2,2,2
/wp-content/plugins/uw-csis-api/frontend/dist/images/EPD-website-print-header.jpg,2,2,0
/andrea-strzelec-wins-grant-to-accelerate-advancements-in-zero-emissions-vehicles/feed,2,2,0
/wp-content/plugins/woocommerce,2,2,0
/.env.example,2,2,0
/wp-content/plugins/woocommerce/assets/js,2,2,0
/assets/alfacgiapi/bash.alfa,2,1,0
/anj.php,2,2,2
/assets/alfacgiapi/perl.alfa,2,1,0
/assets/alfacgiapi/py.alfa,2,1,0
/category/degrees,2,2,0
/wp-content/plugins/wpcss/404.php,2,1,2
/000.php,2,2,2
/wp-content/radio.php,2,2,2
/category/degrees/page/2,2,2,0
/alpa.php,2,2,2
/10.php,2,2,2
/xxxx.php,2,2,2
/css/radio.php,2,2,2
/wp-content/plugins/one_images_usder/oned_images_user.php,2,1,2
/y.php,2,2,2
/d9.php,2,2,2
/wp-content/plugins/one_images_user/one_images_user.php,2,1,2
/css,2,2,0
/custom-background.php,2,2,2
/category/general,2,2,0
/11.php,2,2,2
/yas.php,2,2,2
/courses/writing-and-designing-manuals-and-warnings,2,2,0
/wp-content/plugins/pwnd/as.php,2,2,2
/.env.docker,1,1,False
/.env.js,1,1,False
/tag/operations-management,1,1,False
/tag/nicometo,1,1,False
/wp-includes/wp-blog-header.php,1,1,True
/.env.json,1,1,False
/text.php,1,1,True
/tag/engineering-masters-degree,1,1,False
/thxt.php,1,1,True
/DesktopModule/UIQuestionControls/UIAskQuestion/Telerik.Web.UI.DialogHandler.aspx,1,1,False
/tag/preventive-maintenance,1,1,False
/DesktopModules/Admin/HtmlEditorProviders/Telerik.Web.UI.DialogHandler.aspx,1,1,False
/.env.development.sample,1,1,False
/tag/baby-boomers,1,1,False
/wp-links.php,1,1,True
/.env.hide,1,1,False
/thh.php,1,1,True
/.env.development,1,1,False
/.env.hidden,1,1,False
/talk-to-sales,1,1,False
/.env.bkp,1,1,False
/the-history-and-evolution-of-manufacturing/&style=mla,1,1,False
/Courses/Course_Choice.lasso,1,1,False
/template/default/common/common.css,1,1,False
/tag/sse,1,1,False
/wp-includes/inputs.php,1,1,True
/Content/selectWoo/bundle,1,1,False
/tag/railway,1,1,False
/wp-includes/images/wlw,1,1,False
/Dede.php,1,1,True
/.env.dev.local,1,1,False
/.env.email,1,1,False
/wp-includes/wp.php,1,1,True
/.env.credentials,1,1,False
/wp-includes/wp-login.php,1,1,True
/wp-content/ALFA_DATA/alfacgiapi/wp-content/uploads/alfacgiapi/radio.php,1,1,True
/system_log.php,1,1,True
/sfudq.php,1,1,True
/yellow.php,1,1,True
/segment/products-processes/advanced-manufacturing,1,1,False
/Mks3.PhP,1,1,False
/services,1,1,False
/.azure-pipelines.yml,1,1,False
/sf.php,1,1,True
/xxxss,1,1,False
/xwx1.php,1,1,True
/sikma.php,1,1,True
/Madison/Madison_lodging.lasso,1,1,False
/shell1.php,1,1,True
/xsas.php,1,1,True
/xo.php,1,1,True
/sidfile.php,1,1,True
/sign-up-today/about/contact-us,1,1,False
/.bak,1,1,False
/segment/products-,1,1,False
/yvxhx.php,1,1,True
/segment/infrastructure-environment/transportation,1,1,False
/segment/energy/power-electronics-and-drives,1,1,False
/zz8.php,1,1,True
/.aws/credentials.bak,1,1,False
/zs.php,1,1,True
/save.php,1,1,True
/schedule,1,1,False
/schedule-call,1,1,False
/zer.php,1,1,True
/scripts/Components/themable-spinner.js,1,1,False
/sdada/Providers/HtmlEditorProviders/Telerik/Telerik.Web.UI.DialogHandler.aspx,1,1,False
/sdadaProviders/HtmlEditorProviders/Telerik/Telerik.Web.UI.DialogHandler.aspx,1,1,False
/sdasdasTelerik.Web.UI.DialogHandler.aspx,1,1,False
/.aws/credentials/admin/.env,1,1,False
/zc-729.php,1,1,True
/zc-104.php,1,1,True
/Modules/CMS/Telerik.Web.UI.DialogHandler.aspx,1,1,False
/.bitbucket-pipelines.yml,1,1,False
/FII.php,1,1,True
/system/logs/scorpiol.php,1,1,True
/support.php,1,1,True
/.docker/laravel/app/.env,1,1,False
/student-story/brian-pearlman,1,1,False
/style.php,1,1,True
/.dockerignore,1,1,False
/wpupex.php,1,1,True
/success-story/neoclone-how-the-process-can-make-it-perfect,1,1,False
/support,1,1,False
/.env-db,1,1,False
/.boto,1,1,False
/DesktopModules/Admin/RadEditorProvider/Telerik.Web.UI.DialogHandler.aspx,1,1,False
/.env-example,1,1,False
/.env.back,1,1,False
/sxx.php,1,1,True
/wp-widgets.php,1,1,True
/DesktopModules/Admin/RadEditorProvider/DialogHandler.aspx,1,1,False
/wp-setup.php,1,1,True
/DesktopModules/TNComments/Telerik.Web.UI.DialogHandler.aspx,1,1,False
/ws36.php,1,1,True
/staff-type/program-director,1,1,False
/staff-type/lecturer,1,1,False
/xa.php,1,1,True
/sitemap.txt,1,1,False
/.bzr,1,1,False
/www.php,1,1,True
/tinjum-talks-landfills-wisconsin-public-radio,1,1,False
/E4.php,1,1,True
/DialogHandler/adminHtmlEditorProviders/Telerik/Telerik.Web.UI.DialogHandler.aspx,1,1,False
/DesktopModules/dnnWerk.RadEditorProvider/DialogHandler.aspx,1,1,False
/ssp/login,1,1,False
/ssss.php,1,1,True
/.c9/metadata/environment/.env,1,1,False
/.circleci/config.yml,1,1,False
/wsa.php,1,1,True
/DesktopModules/TelerikWebUI/RadEditorProvider/Telerik.Web.UI.DialogHandler.aspx,1,1,False
/ws46.php,1,1,True
/wp-includes/fonts/admin.php,1,1,True
/.powenv,1,1,False
/tinyfilemanager.php,1,1,True
/wp-content/themes/ALFA_DATA/alfacgiapi,1,1,False
/wlex.php,1,1,True
/wordpress/wp-admin/maint,1,1,False
/.well-known/ucp,1,1,False
/wp-content/themes/finley/min.php,1,1,True
/wp-content/themes/alfacgiapi/radio.php,1,1,True
/wp-content/themes/alfacgiapi/404.php,1,1,True
/wp-content/themes/alfacgiapi,1,1,False
/wp-content/themes/ALFA_DATA/alfacgiapi/radio.php,1,1,True
/wp-content/themes/ALFA_DATA/alfacgiapi/404.php,1,1,True
/workshops/highway-safety,1,1,False
/wp-content/themes/wp-pridmag/init.php,1,1,True
/wp-content/themes.php,1,1,True
/workshops/highway-safety-focused-on-urban-areas,1,1,False
/.zshenv,1,1,False
/workshops/leadership-skills-for-supervisors,1,1,False
/workshops/work-zone-and-flagger-safety,1,1,False
/ALFA_DATA/alfacgiapi/404.php,1,1,True
/030.php,1,1,True
/ALFA_DATA/alfacgiapi,1,1,False
/031.php,1,1,True
/win.php,1,1,True
/who-are-the-work-martyrs-many-are-millennials,1,1,False
/wp-content/plugins/simple-history/js/chart.umd.js.map,1,1,False
/w-1.php,1,1,True
/vee.php,1,1,True
/wp-content/uploads/2021/07/UW-Headshot-copy-e1654105113319.jpg,1,1,False
/vendor/livewire/livewire/dist/livewire.js,1,1,False
/wp-content/uploads/2020/06/EPD-Faculty-Circle-2-e1612569022861-300x300.png,1,1,False
/wp-content/uploads/2019/12/Rules-Certificate-in-Water-Reclamation-Dec.-2018.pdf,1,1,False
/wp-content/uploads/2019/12/Page-Header-1-e1575476345675.jpg,1,1,False
/wp-content/uploads/2019/12/Page-Header-1-e1575476345675-768x121.jpg,1,1,False
/ALFA_DATA/alfacgiapi/radio.php,1,1,True
/wp-content/uploads/2019/11/General_Information_Jan2020rev.pdf,1,1,False
/wp-content/uploads/2019/11/General_Information_Jan2018.pdf,1,1,False
/wp-content/upgrade/ALFA_DATA/alfacgiapi,1,1,False
/wa.php,1,1,True
/wp-content/upgrade/alfacgiapi/radio.php,1,1,True
/water-and-electricity-why-you-cant-have-one-without-the-other,1,1,False
/wb.php,1,1,True
/wp-content/upgrade/alfacgiapi/404.php,1,1,True
/wp-content/upgrade/alfacgiapi,1,1,False
/wp-content/upgrade/ALFA_DATA/alfacgiapi/radio.php,1,1,True
/wp-content/upgrade/ALFA_DATA/alfacgiapi/404.php,1,1,True
/wfile.php,1,1,True
/wp-content/plugins/us-csis-api/frontend/dist/images/uw-crest.png,1,1,False
/wp-22.php,1,1,True
/wp-includes/edit-tags.php,1,1,True
/3406.php,1,1,True
/409.php,1,1,True
/406.php,1,1,True
/wp-admin/product.php,1,1,True
/144.php,1,1,True
/wp-admin/wp-login.php,1,1,True
/35.php,1,1,True
/wp-aespa.php,1,1,True
/wp-ana.php,1,1,True
/wp-aoisuki.php,1,1,True
/333.php,1,1,True
/13.php,1,1,True
/wp-confiq.php,1,1,True
/2clas.php,1,1,True
/1a.php,1,1,True
/wp-content/ALFA_DATA/alfacgiapi/wp-content/uploads/alfacgiapi,1,1,False
/wp-content/ALFA_DATA/alfacgiapi/wp-content/uploads/alfacgiapi/404.php,1,1,True
/1xx.php,1,1,True
/wp-content/alfacgiapi/radio.php,1,1,True
/wp-content/alfacgiapi/404.php,1,1,True
/wp-content/alfacgiapi,1,1,False
/413.php,1,1,True
/wp-content/plugins/ALFA_DATA/alfacgiapi/404.php,1,1,True
/wp-content/plugins/sid/sidwso.php,1,1,True
/6kDPjgFTmvS.php,1,1,True
/wp-64wscx6shd.php,1,1,True
/wp-ac.php,1,1,True
/9v6.php,1,1,True
/963e.php,1,1,True
/89.php,1,1,True
/wp-admin/css/colors/about.php,1,1,True
/6kUgr4yGzxN.php,1,1,True
/0o0.php,1,1,True
/wp-admin/css/colors/blue/atomlib.php,1,1,True
/5b9ac.php,1,1,True
/44.php,1,1,True
/56c53.php,1,1,True
/0x0x.php,1,1,True
/wp-admin/images/file.php,1,1,True
/11092null.php,1,1,True
/55b76.php,1,1,True
/520.php,1,1,True
/wp-content/plugins/autoload_classmap.php,1,1,True
/1234.php,1,1,True
/wp-content/plugins/ALFA_DATA/alfacgiapi/radio.php,1,1,True
/varb.php,1,1,True
/vanda.php,1,1,True
/wp-content/uploads/2022/01/Power-Electronics-Header.jpg,1,1,False
/Components/General/Admin/UserControl/Telerik.Web.UI.DialogHandler.aspx,1,1,False
/wp-includes/Requests/Response,1,1,False
/tphp.php,1,1,True
/tt.php,1,1,True
/tx1.php,1,1,True
/wp-includes/Requests/Proxy,1,1,False
/wp-includes/Requests/Exception/HTTP,1,1,False
/ty226.php,1,1,True
/wp-includes/Requests/Cookie,1,1,False
/.env_sample,1,1,False
/wp-includes/Requests/Auth,1,1,False
/tourpa.php,1,1,True
/CLA.php,1,1,True
/.envs,1,1,False
/wp-includes/IXR/autoload_classmap.php,1,1,True
/upl.php,1,1,True
/.ghc.environment,1,1,False
/.hsenv,1,1,False
/AsiCommon/Controls/ContentManagement/ContentDesigner/Telerik.Web.UI.DialogHandler.aspx,1,1,False
/upload/ALFA_DATA/alfacgiapi,1,1,False
/.pam_environment,1,1,False
/.env_old,1,1,False
/wp-includes/Requests/Transport,1,1,False
/Admin/ServerSide/Telerik.Web.UI.DialogHandler.aspx,1,1,False
/.env.stage,1,1,False
/.env.old,1,1,False
/.env.php,1,1,True
/Content/bundle,1,1,False
/.env.prod,1,1,False
/top-ranked-online-engineering-programs,1,1,False
/.env.production,1,1,False
/.env.production.local,1,1,False
/.env.sample,1,1,False
/wp-includes/admin.php,1,1,True
/.env.test,1,1,False
/.env_bak,1,1,False
/topic/industrial/quick-response-manufacturing//wp-login.php,1,1,True
/wp-includes/Text/Diff/Engine/Engine,1,1,False
/topic/industrial/quick-response-manufacturing/wp-admin,1,1,False
/.env.www,1,1,False
/wp-includes/SimplePie/Content/Type,1,1,False
/wp-includes/SimplePie/Content,1,1,False
/wp-includes/SimplePie/Cache,1,1,False
/.env_1,1,1,False
/wp-includes/Requests/Utility,1,1,False
/upload/ALFA_DATA/alfacgiapi/404.php,1,1,True
/wp-goods.php,1,1,True
/wp-freya.php,1,1,True
/wp-content/uploads/2023/12/UWM_Faculty-Image_dan-negrut.jpg,1,1,False
/wp-content/uploads/2024/about.php,1,1,True
/wp-content/uploads/2024/08/Untitled-10-214x300.png,1,1,False
/wp-content/uploads/2024/02/sms_icon.png,1,1,False
/uploads/ALFA_DATA/alfacgiapi/radio.php,1,1,True
/uploads/alfacgiapi,1,1,False
/wp-content/uploads/2024/02/icon-2.png,1,1,False
/uploads/alfacgiapi/404.php,1,1,True
/wp-content/uploads/2023/12/UWM_Faculty-Image_venkataramanan-214x300.jpg,1,1,False
/uploads/alfacgiapi/radio.php,1,1,True
/usep.php,1,1,True
/wp-error.php,1,1,True
/wp-content/uploads/2023/12/UWM_Faculty-Image-Terry-Mann-214x300.jpg,1,1,False
/wp-content/uploads/2023/09/General-Hero-2-1200x313.jpg,1,1,False
/wp-content/uploads/2023/09/2023-Credit-Offering-Flyer.pdf,1,1,False
/wp-content/uploads/2023/03/MRM-Adv-and-Gold.png,1,1,False
/wp-content/uploads/2023/03/Jon-Wellik-Portrait-&lt,1,1,False
/wp-content/uploads/2022/12/JW_1.5.23-150x150.jpg,1,1,False
/wp-content/uploads/2022/12/Cx-thumb.png,1,1,False
/wp-content/uploads/2022/02/2022-MRMC-Schedule-Template_Spring_Fall_2022.pdf,1,1,False
/uw-madison-to-offer-electric-hybrid-vehicle-bootcamp-as-electric-car-industry-revs-up,1,1,False
/wp-content/uploads/2024/admin.php,1,1,True
/wp-content/uploads/2024/edit-tags.php,1,1,True
/wp-content/uploads/2024/inputs.php,1,1,True
/uploads/ALFA_DATA/alfacgiapi/404.php,1,1,True
/.rbenv-gemsets,1,1,False
/upload/ALFA_DATA/alfacgiapi/radio.php,1,1,True
/upload/alfacgiapi,1,1,False
/upload/alfacgiapi/404.php,1,1,True
/wp-content/uploads/2025/wp.php,1,1,True
/wp-content/uploads/2025/wp-login.php,1,1,True
/wp-content/uploads/2025/wp-blog-header.php,1,1,True
/wp-content/uploads/2025/inputs.php,1,1,True
/wp-content/uploads/2025/edit-tags.php,1,1,True
/wp-content/uploads/2025/admin.php,1,1,True
/upload/alfacgiapi/radio.php,1,1,True
/wp-content/uploads/2025/about.php,1,1,True
/wp-content/uploads/2025/12/electrification-1.gif,1,1,False
/wp-content/uploads/2025/01/2025-Wellik-TLC-Catalog_web-1.pdf,1,1,False
/wp-content/uploads/2024/wp.php,1,1,True
/App_Master/Telerik.Web.UI.DialogHandler.aspx,1,1,False
/wp-content/uploads/2024/wp-login.php,1,1,True
/uploads/ALFA_DATA/alfacgiapi,1,1,False
/wp-content/uploads/2024/wp-blog-header.php,1,1,True
/app/uploads/2018/05/iStock-121042996.jpg,1,1,False
/online-degrees/capstone-inquiry-polymer-processing-and-manufacturing-capstone-certificate,1,1,False
/sample-page,1,1,False
/app/uploads/2015/08/certificatecommissioning.jpg,1,1,False
/app/uploads/2015/08/Unknown-1.jpeg,1,1,False
/app/uploads/2015/08/National_Electric_Code.jpg,1,1,False
/courses/ics-and-cybersecurity-fundamentals,1,1,False
/app/uploads/2015/08/Managing_snow_Ice_control_operations.jpg,1,1,False
/courses/implementation-of-technology-to-be-prepared-for-the-connected-and-automated-world,1,1,False
/courses/implementing-a-reliability-centered-maintenance-program-and-other-maintenance-best-practice,1,1,False
/app/uploads/2015/08/AB-Fancy.jpg,1,1,False
/app/uploads/2015/02/2019-MMC-course-schedule.pdf,1,1,False
/courses/innovative-intersection-design-and-operation,1,1,False
/courses/interconnection-of-der-to-utility-systems,1,1,False
/courses/introduction-to-ammonia-refrigeration-systems/tel:8004620876,1,1,False
/courses/introduction-to-electrical-energy-storage,1,1,False
/app/uploads/2015/02/2019-Calendar-year-MRMC-course-schedule.pdf,1,1,False
/courses/introduction-to-environmental,1,1,False
/courses/introduction-to-hydraulic-and-hydrologic-modeling,1,1,False
/app/uploads/2015/02/2019-Calendar-year-MRM-course-schedule.pdf,1,1,False
/app/uploads/2014/07/Untitled-design-4-e1554483441112.png,1,1,False
/courses/landfill-gas-design-management,1,1,False
/courses/leading-lean,1,1,False
/courses/maintenance-management-101,1,1,False
/courses/management-and-leadership-of-water-and-wastewater-utilities,1,1,False
/courses/managing-external-relations-in-an-emergency-ep04,1,1,False
/courses/national-electrical-code/tel:8004620876,1,1,False
/courses/organizational-and-psychological-pressures-affecting-ethical-decision-making-in-engineering,1,1,False
/app/themes/sage-master/dist/images/icons/ic-email.png,1,1,False
/app/themes/sage-master/assets/images/segment-newsletter.jpg,1,1,False
/app.php,1,1,True
/app-ads.txt,1,1,False
/courses/powder-and-bulk-mixing-processes-applications-and-equipment,1,1,False
/app/uploads/2015/08/altwies_joy.jpg,1,1,False
/app/uploads/2015/08/duffie_neil.jpg,1,1,False
/api/v1/courses/national-electrical-safety-code/tabs,1,1,False
/app/uploads/2015/08/enginesystems-300x130.jpg,1,1,False
/courses/annual-product-liability-conference/tel:8004620876,1,1,False
/courses/asse-backflow-assembly-repair,1,1,False
/courses/basics-of-industrial-engineering,1,1,False
/app/uploads/2015/12/Ottmann.png,1,1,False
/app/uploads/2015/11/Chemical_Processing.jpg,1,1,False
/app/uploads/2015/10/General_Information_Oct2015.pdf,1,1,False
/courses/certification-orientation-review-and-examination,1,1,False
/courses/certification-orientationreview-and-examination-for-accredited-commissioning-process-provid,1,1,False
/courses/chemical-processing-essentials-for-the-non-chemical-engineer,1,1,False
/courses/combustible-dust-safety-general-hazards-and-code-compliance,1,1,False
/app/uploads/2015/09/rowlands_robert.jpg,1,1,False
/app/uploads/2015/09/paschke_ned-225x300.jpg,1,1,False
/app/uploads/2015/09/fung_conrad_t.jpg,1,1,False
/app/uploads/2015/09/facilbuildsysstructures.jpg,1,1,False
/app/uploads/2015/09/Roy_Primus_115X1571.png,1,1,False
/app/uploads/2015/09/Kaibo-Liu.jpg,1,1,False
/app/uploads/2015/09/Chi-Binh-La-196x300.png,1,1,False
/app/uploads/2015/08/segment-facilities-icon.png,1,1,False
/app/uploads/2015/08/segment-energy-icon2.png,1,1,False
/courses/dryer-technology/tel:8004620876,1,1,False
/app/uploads/2015/08/sarlioglu_bulent.jpg,1,1,False
/courses/engineering-calculations-for-psm-and-rmp/wp-login.php,1,1,True
/app/uploads/2015/08/infratransfreightyard.jpg,1,1,False
/courses/fundamentals-of-equest-building-energy-modeling,1,1,False
/courses/fundamentals-of-power-delivery-for-the-non-electrical-professionaâ€¦,1,1,False
/courses/fundamentals-of-railroadbridge-inspection,1,1,False
/courses/fundamentals-of-railway-bridge-engineering-and-management-2,1,1,False
/courses/fundamentals-of-substation-equipment-and-control-systems/wp-login.php,1,1,True
/app/uploads/2015/08/infrahome2.jpg,1,1,False
/courses/power-electronics-design-boot-camp,1,1,False
/courses/power-electronics-design-boot-camp-electrical-thermal-emi-reliability-and-new-devices/tel:8,1,1,False
/courses/ammonia-refrigeration-system-safety/wp-login.php,1,1,True
/courses/water-conservation-practices-and-technologies,1,1,False
/courses/water-reuse-engineering-and-management-practices,1,1,False
/courses/wide-area-measurement-applications-for-transmission-and-distribution-systems,1,1,False
/cq.php,1,1,True
/credit-course/sustainable-approaches-to-system-improvement-2,1,1,False
/css/admin.php,1,1,True
/custom-courses/2020-2,1,1,False
/cxas-need-project-management-skills-3-questions-ian-mcintosh-phd-ccp,1,1,False
/d12.php,1,1,True
/dGhlLWhpc3,1,1,False
/dashboard/UserControl/CMS/Page/Telerik.Web.UI.DialogHandler.aspx,1,1,False
/alfacgiapi/radio.php,1,1,True
/dbc.php,1,1,True
/dbinfo.php,1,1,True
/demo,1,1,False
/dichku.php,1,1,True
/die.php,1,1,True
/director/douglas-t-reindl,1,1,False
/director/jeff-oelke,1,1,False
/dmc/feed,1,1,False
/dmc/references/educational-resources,1,1,False
/docks-marinas-training,1,1,False
/domains.php,1,1,True
/doo.php,1,1,True
/download.php,1,1,True
/dr-andrea-strzelec-chosen-as-german-american-frontiers-of-engineering-symposium-participant,1,1,False
/ea.php,1,1,True
/alfacgiapi/404.php,1,1,True
/ee.php,1,1,True
/alfacgiapi,1,1,False
/courses/water-distribution-system-engineering,1,1,False
/courses/utility-basics-for-the-non-electrical-engineer,1,1,False
/api/v1/courses/medium-voltage-electrical-distribution-for-mission-critical-industrial-and-campus-fa,1,1,False
/courses/using-winslamm-meeting-urban-stormwater-management-goals,1,1,False
/courses/power-system-studies-for-commercial-and-industrial-facilities,1,1,False
/api/v1/courses/introduction-to-ammonia-refrigeration-systems/tabs,1,1,False
/courses/preparing-the-infrastructure-of-the-future-why-the-infrastructure-of-today-cant-support-the,1,1,False
/api/v1/courses/hvac-applications/tabs,1,1,False
/api/v1/courses/fundamentals-of-confectionery-science-and-technology-module-2-stabilized-confections,1,1,False
/api/v1/courses/electrical-systems-design-for-the-non-electrical-engineer/tabs,1,1,False
/api/v1/courses/data-center-mechanical-and-electrical-design-and-operation/tabs,1,1,False
/courses/project-management-for-electric-utility-capital-projects,1,1,False
/api/v1/courses/controls-for-aftertreatment-devices/tabs,1,1,False
/api/v1/courses/computerized-transmission-line-design-pls-cadd-hands-on-training/tabs,1,1,False
/api/v1/courses/agile-for-technical-teams-from-principles-to-practice/tabs,1,1,False
/api/v1/courses/Intermediate-Ammonia-Refrigeration-Systems/tabs,1,1,False
/api/v1/courses/Ammonia-Refrigeration-System-Safety/tabs,1,1,False
/courses/sanitary-sewer-maintenance-practices-and-technologies,1,1,False
/ant.php,1,1,True
/courses/si-engine-performance/tel:8004620876,1,1,False
/courses/si-performance-and-low-temperature-combustion,1,1,False
/anskrit.php,1,1,True
/courses/storm-sewer-system-design,1,1,False
/courses/storm-water-detention-basin-design,1,1,False
/courses/strategies-to-stand-out,1,1,False
/courses/structural-provisions-of-the-2012-international-building-code,1,1,False
/courses/successfully-implementing-total-productive-maintenance,1,1,False
/courses/tel:800-462-0876,1,1,False
/courses/the-commissioning-process-for-lighting-control-systems,1,1,False
/ans.php,1,1,True
/courses/troubleshooting-laser-welds/tel:8004620876,1,1,False
/courses/understanding-lean-accounting-and-accounting-for-lean,1,1,False
/courses/understanding-value-stream-and-metrics-based-process-mapping,1,1,False
/app/uploads/2016/01/4-KPIs-to-measure-in-2018.png,1,1,False
/courses/advanced-world-class-storeroom-principles/bhttps:/okt.to/1FpDUJ,1,1,False
/engine-systems-alum-follows-childhood-passion-lands-ford,1,1,False
/assets/upload/ALFA_DATA/alfacgiapi,1,1,False
/assets/upload/ALFA_DATA/alfacgiapi/radio.php,1,1,True
/assets/upload/alfacgiapi,1,1,False
/assets/upload/alfacgiapi/404.php,1,1,True
/assets/upload/alfacgiapi/radio.php,1,1,True
/assets/uploads/ALFA_DATA/alfacgiapi,1,1,False
/assets/uploads/ALFA_DATA/alfacgiapi/404.php,1,1,True
/assets/uploads/ALFA_DATA/alfacgiapi/radio.php,1,1,True
/assets/uploads/alfacgiapi,1,1,False
/assets/uploads/alfacgiapi/404.php,1,1,True
/assets/uploads/alfacgiapi/radio.php,1,1,True
/asx.php,1,1,True
/atex1.php,1,1,True
/app/uploads/2017/09/tinjum_return.jpg,1,1,False
/attachment_tag/whitewater,1,1,False
/author-sitemap.xml,1,1,False
/author/ejhanson5,1,1,False
/author/jmroling,1,1,False
/app/uploads/2017/09/maintenance_green_thumb.jpg,1,1,False
/avtst.php,1,1,True
/app/uploads/2017/09/2017-05-13_20-17-42_769-e1506699769570-150x150.jpeg,1,1,False
/backup.php,1,1,True
/badge-administration,1,1,False
/badge-design,1,1,False
/app/uploads/2017/07/maintenance_thumb.jpg,1,1,False
/baker.php,1,1,True
/baxa1.phP8,1,1,False
/bbb.php,1,1,True
/bbbb.php,1,1,True
/become-pe-tips-newbies,1,1,False
/assets/upload/ALFA_DATA/alfacgiapi/404.php,1,1,True
/app/uploads/2017/10/4-ways-to-be-a-great-leader1.png,1,1,False
/bless5.php,1,1,True
/assets/authorize.php,1,1,True
/app/uploads/2018/10/2018-Updated-Rules-Certificate-in-Water-Reclamation1.pdf,1,1,False
/app/uploads/2018/12/Bulent-Sarlioglu-1.jpg,1,1,False
/app/uploads/2018/12/iStock-1008876002.jpg,1,1,False
/app/uploads/2019/02/OnePager-Icons-MEDA.jpg,1,1,False
/app/uploads/2019/02/OnePager-Icons-Power.jpg,1,1,False
/app/uploads/2019/04/week_engagedlearningarticle.png,1,1,False
/app/uploads/2019/10/MRMC-Cody-Gadzinski-Oct-2019.jpg,1,1,False
/app/uploads/sites/2/2015/05/DSCN0041-copy.jpg,1,1,False
/app/uploads/sites/2/2016/07/GRS-IBS-4.png,1,1,False
/app/uploads/2018/05/Kiessling_lab_notes07_2460.jpg,1,1,False
/app/uploads/2018/03/Jim_EC_interview_lg.jpg,1,1,False
/app/uploads/2018/02/traffic_lights_sm-150x150.jpg,1,1,False
/app/uploads/2018/01/General_Information_Jan2018.pdf,1,1,False
/app/uploads/2017/11/nercon_0117-300x200.jpg,1,1,False
/app/uploads/2017/11/Nerconthumb.jpg,1,1,False
/app/uploads/2017/10/piano_thumb.jpg,1,1,False
/archive,1,1,False
/article/managing-my-relationship-with-my-boss,1,1,False
/app/uploads/2017/10/landscaped-RAB_hed-1.jpg,1,1,False
/asas.php,1,1,True
/app/uploads/2017/10/Roundabouts-225x300.jpg,1,1,False
/asd.php,1,1,True
/app/uploads/2017/10/FPD_2019-2022_CourseSchedule.pdf,1,1,False
/assets/ALFA_DATA/alfacgiapi,1,1,False
/assets/ALFA_DATA/alfacgiapi/404.php,1,1,True
/assets/ALFA_DATA/alfacgiapi/radio.php,1,1,True
/assets/alfacgiapi,1,1,False
/assets/alfacgiapi/404.php,1,1,True
/assets/alfacgiapi/radio.php,1,1,True
/app/uploads/2017/06/lorenz_lab.jpg,1,1,False
/app/uploads/2017/06/MMC_subzero_promo.jpg,1,1,False
/courses/achieving-energy-cost-savings-for-ammonia-refrigeration-systems,1,1,False
/app/uploads/2016/09/How_Are_Millennials_Changing_the_Workplace-150x150.jpeg,1,1,False
/clients-registrations/openid-connect,1,1,False
/clss.php,1,1,True
/cms/portlets/Telerik.Web.UI.DialogHandler.aspx,1,1,False
/common/admin/Calendar/Telerik.Web.UI.DialogHandler.aspx,1,1,False
/common/admin/Jobs2/Telerik.Web.UI.DialogHandler.aspx,1,1,False
/common/admin/PhotoGallery2/Telerik.Web.UI.DialogHandler.aspx,1,1,False
/config.env,1,1,False
/config.php,1,1,True
/conflg.php,1,1,True
/app/uploads/2016/08/woman_workingopt.jpg,1,1,False
/connect/dcr,1,1,False
/connector.php,1,1,True
/console,1,1,False
/consultation,1,1,False
/consulting,1,1,False
/contacts,1,1,False
/app/uploads/2016/08/nina_infographic-260x1024.png,1,1,False
/app/uploads/2016/08/Screen-Shot-2016-08-25-at-12.50.28-PM-300x149.png,1,1,False
/courses/38380/tel:8004620876,1,1,False
/app/uploads/2016/05/stephanie_family.jpeg,1,1,False
/app/uploads/2016/05/christine_headshot_2015-e1540919163957.jpg,1,1,False
/courses/Artificial-Intelligence-Fundamentals-and-Applications-for-Engineeâ€¦,1,1,False
/courses/Decision-making-as-a-Competitive-Advantage-Choosing-by-Advantages-(CBA,1,1,False
/courses/Essentials-of-Life-Cycle-Assessment-(LCA,1,1,False
"/courses/Industrial-Data-Analytics-Models,-Forecasts,-and-AI-Tools",1,1,False
/courses/Performance-Testing-of-Blowers-for-Wastewater-and-Industrial-Applications,1,1,False
/app/uploads/2016/04/wind_energy_2.jpg,1,1,False
/courses/Turning-Data-Into-Insight:-A-Hands-On-Tableau-Short-Course,1,1,False
/app/uploads/2016/03/railroad-crossing-safety.jpg.jpeg,1,1,False
/clients-registrations,1,1,False
/app/uploads/2016/09/RA00069PLS-CADD.pdf,1,1,False
/app/uploads/2017/04/salary_promo.jpg,1,1,False
/app/uploads/2016/11/Marina-Policy-Guidelines-Manual.jpg,1,1,False
/app/uploads/2017/04/WR_infographic-266x1024.png,1,1,False
/blox.php,1,1,True
/app/uploads/2017/04/IMG_2524-e1492105171419.jpg,1,1,False
/bo.php,1,1,True
/app/uploads/2017/04/IMG_2521-e1492105154936.jpg,1,1,False
/book-a-demo,1,1,False
/build.php,1,1,True
/app/uploads/2017/04/IMG_2510-e1492105118717.jpg,1,1,False
/by.php,1,1,True
/app/uploads/2017/02/slip_thumbnail.jpg,1,1,False
/c.php,1,1,True
/app/uploads/2017/02/MEDA-Courses-and-Concentrations.pdf,1,1,False
/category/degrees/mees/mees-minute/page/2,1,1,False
/category/degrees/power/page/4,1,1,False
/category/faculty-student-spotlight/page/6,1,1,False
/app/uploads/2017/02/Ericfluga.png,1,1,False
/app/uploads/2017/01/zuspan_john.png,1,1,False
/app/uploads/2017/01/stressed_man.jpg,1,1,False
/category/professional-development/leadership-management/technical-leadership,1,1,False
/category/professional-development/products-processes/advanced-processes,1,1,False
/cc.php,1,1,True
/ccc.php,1,1,True
/app/uploads/2017/01/code_page_header.jpg,1,1,False
/app/uploads/2016/12/scalesofjustice300x300.jpg,1,1,False
/app/uploads/2016/12/Nina_Kazarov_promo.jpg,1,1,False
/app/uploads/2016/12/MMCpromo.jpg,1,1,False
/class-cc.php,1,1,True
/app/uploads/2016/12/Construction-Worker.jpg,1,1,False
/class-wp.php,1,1,True
/emaN755,1,1,False
/enhancecp,1,1,False
/sadasdsa/Telerik.Web.UI.DialogHandler.aspx,1,1,False
/TebqNOrUwDtqlU0LY3_tjAQ99rtabYjTizCGOXHnEk4cxBgNTmQw5mmS_3WVwqAAlzviyvvkyTEOnbthYt5Rh5OR3EcqCPSBNvL,1,1,False
/online-graduate-programs/masters-degrees/engineering-management/-online-masters-degree-program/degr,1,1,False
/online-graduate-programs/masters-degrees/engineering-management/-online-masters-degree-program/epd-,1,1,False
/SiteTemplates/Telerik.Web.UI.DialogHandler.aspx,1,1,False
/online-graduate-programs/masters-degrees/engineering-management/epd-610-engineering-analysis-for-de,1,1,False
/Scripts/tinymce/tinymce.min.js,1,1,False
/online-graduate-programs/masters-degrees/engineering-management/epd-617-communicating-technical-inf,1,1,False
/online-graduate-programs/masters-degrees/engineering-management/mem-summer-residency/call-for-sessi,1,1,False
/online-graduate-programs/masters-degrees/engineering-management/mem-virtual-summer-residency-2020/c,1,1,False
/online-graduate-programs/masters-degrees/manufacturing-systems-engineering/-master-of-engineering/h,1,1,False
/RAOO3O3,1,1,False
/online-graduate-programs/masters-degrees/power-engineering/degree-inquiry-eepe,1,1,False
/online-graduate-programs/masters-degrees/power-engineering/degree-inquiry-electrical-engineering-po,1,1,False
/RA18014,1,1,False
/online-masters-degrees/archive-webinars,1,1,False
/online-masters-degrees/polymer-engineering-online-masters-degree-program,1,1,False
/online-masters-degrees/power-conversion-and-control-certificate,1,1,False
/onsite/courses/chem03.lasso,1,1,False
/onsite/courses/hvac01.lasso,1,1,False
/ooaiyc.php,1,1,True
/ote.php,1,1,True
/oxauth/restv1/register,1,1,False
/RA01660,1,1,False
/package.json,1,1,False
/RA01615,1,1,False
/page.php,1,1,True
/page/10,1,1,False
/page/14,1,1,False
/page/25,1,1,False
/page/6,1,1,False
/T3mfCknM7-LyGG80fNlURXYxfMpIAuPFEqmUU8TG_yo2_o7DPwPU3RnN0LVAIcozVGmS40z3Zh7IfPvcc3wIY5pv_XA1C3a_dDJ,1,1,False
/online-graduate-programs/capstone-certificates/polymer-processing-manufacturing/request-info-ppmcc,1,1,False
/php8.php,1,1,True
/Telerik.Web.UI.DialogHandler.aspx,1,1,False
/nondegree,1,1,False
/nov.php,1,1,True
/nwwha.php,1,1,True
/nx1.php,1,1,True
/__nonexistent-probe-b78b9e57-1a38-412f-b3e6-d22922964d62,1,1,False
/oauth/register,1,1,False
/oauth/v2/register,1,1,False
/__nonexistent-probe-64acdde6-150a-4d6d-bdee-888ce7191a3d,1,1,False
/__nonexistent-probe-62a042ac-eb1b-4b1d-abd0-8731922560d4,1,1,False
/__nonexistent-probe-59832b5c-a656-420b-96aa-bf4aed96d257,1,1,False
/old-articles,1,1,False
/__nonexistent-probe-2508cad3-56b4-4ce5-839f-f5fc2f312048,1,1,False
/online-degree/foundations-of-professional-development-certificate,1,1,False
/online-degree/master-of-engineering-engine-systems/Why/Curriculum_EDII.lasso,1,1,False
/__nonexistent-probe-0fbcec3b-ec5d-4c68-bec5-0c042eec977e,1,1,False
/__nonexistent-probe-0ec59bf4-58f4-44b5-b679-93f4184f8d76,1,1,False
/app/uploads/2018/09/Course-Locations-Header.jpg,1,1,False
/online-degrees/degree-inquiry-engineering-data-analytics,1,1,False
/online-degrees/engineer-master-degrees/sustainable-systems-engineering,1,1,False
/online-degrees/epd-student-stories,1,1,False
/X5fCS.php,1,1,True
/Wp-good.php,1,1,True
/Update/f35.php,1,1,True
/online-degrees/uw-epd-,1,1,False
/online-degrees/uw-epd-graduation,1,1,False
/online-degrees/uw-epd-graduation-winter-2020,1,1,False
/online-degrees/uw-epd-graduation/about-you-the-graduate,1,1,False
/online-degrees/uw-epd-graduation/uw-epd-graduation-december-2020,1,1,False
/online-degrees/uw-interpro-graduation,1,1,False
/peterson-more-investment-in-rail-means-more-jobs,1,1,False
/phpinfo.php,1,1,True
/__nonexistent-probe-bb0bf6d4-6573-4d76-a91a-72bc77203da8,1,1,False
/program-specialty/industrial/page/21,1,1,False
/RA00568,1,1,False
/RA00067,1,1,False
/program-specialty/operations-and-manufacturing-processes/page/21,1,1,False
/program-specialty/operations-and-manufacturing-processes/page/25,1,1,False
/program-specialty/project-management/page/2,1,1,False
/program-specialty/shop-floor/page/26,1,1,False
/program-specialty/stormwater-rivers-and-groundwater/page/21,1,1,False
/program-specialty/transmission/page/21,1,1,False
/program-specialty/vehicles-and-powertrains/page/6,1,1,False
/programs/certificate,1,1,False
/protected/i.php,1,1,True
/public/vx.php,1,1,True
/qaez.php56,1,1,False
/qing2.php,1,1,True
/qual.php,1,1,True
/quote,1,1,False
/R.php,1,1,True
/realms/{realm}/clients-registrations/openid-connect,1,1,False
/recipe-for-success-how-to-transform-your-asset-management-program-from-reactive-to-proactive-2,1,1,False
/Providers/HtmlEditorProviders/Telerik/Telerik.Web.UI.DialogHandler.aspx,1,1,False
/request-demo,1,1,False
/request-quote,1,1,False
/O-Simple.php,1,1,True
/rh.php,1,1,True
/rh1.php,1,1,True
/rk2.php,1,1,True
/ru/adminer/adminer474.php,1,1,True
/rum.php,1,1,True
/rzki.php,1,1,True
/program-specialty/industrial/page/9,1,1,False
/program-specialty/industrial/page/10,1,1,False
/phpinfo.php.bak,1,1,False
/program-specialty/geotechnical-and-solid-waste/page/21,1,1,False
/pinfo.php,1,1,True
/RA01525,1,1,False
/pn.php,1,1,True
/RA01497,1,1,False
/RA01448,1,1,False
/post_tag-sitemap.xml,1,1,False
/power-conversion-and-control-capstone-info-sessions,1,1,False
/pricing,1,1,False
/printenv,1,1,False
/private,1,1,False
/professional-development-certificates/certificate-inquiry-process-safety-management-professional,1,1,False
/professional-development-certificates/certificate-inquiry-technical-leadership,1,1,False
/professional-development-certificates/certificate-inquiry-water-reclamation,1,1,False
/professional-development-certificates/engineering-commissioning-certificates-professional-programs,1,1,False
/professional-development-certificates/laser-welding-certificate,1,1,False
/professional-development-certificates/maintenance-and-reliability-managemâ€¦,1,1,False
/RA01411,1,1,False
/professional-development-certificates/water-systems/drinking-water-certificate,1,1,False
/professional-development-certificates/water-systems/wastewater-certificate,1,1,False
/profile.php,1,1,True
/RA01331,1,1,False
/RA01013,1,1,False
/RA00859,1,1,False
/program-specialty/building-codes-and-standards/page/3,1,1,False
/program-specialty/building-design-construction-and-systems/page/5,1,1,False
/program-specialty/distribution-and-low-voltage/page/21,1,1,False
/program-specialty/distribution-and-low-voltage/page/4,1,1,False
/program-specialty/distribution-and-low-voltage/page/5,1,1,False
/program-specialty/facilities-and-building-systems/page/21,1,1,False
/ng.php,1,1,True
/__nonexistent-probe-c16b9214-a453-40ce-9fdc-c7105750780b,1,1,False
/env.js,1,1,False
/flex.php,1,1,True
/fm.php,1,1,True
/fundamentals-of-distributed-energy-resources,1,1,False
/affiliate-package,1,1,False
/galex.php,1,1,True
/geaitasa.php,1,1,True
/get-started,1,1,False
/gfile.php,1,1,True
/gi.php,1,1,True
/adminfuns.php/.well-known/acme-challenge/file.php,1,1,True
/admin_phpinfo.php,1,1,True
/admin_info.php,1,1,True
/admin836.php,1,1,True
/goomaogm.php,1,1,True
/h2a2ck.php,1,1,True
/hans.php,1,1,True
/have-you-fallen-into-the-skills-gap/have-you-fallen-into-the-skills-gap,1,1,False
/he.php,1,1,True
/hec-ras-training,1,1,False
/hehe.php,1,1,True
/hexx.php,1,1,True
/.aws/config,1,1,False
/horeg.php,1,1,True
/humans.txt,1,1,False
/admin/login,1,1,False
/ii5file.php,1,1,True
/ilex.php,1,1,True
/images/images/cache.php,1,1,True
/admin/admin_phpinfo.php4,1,1,False
/admin/Login/index.html,1,1,False
/ai-institute/home,1,1,False
/five-ways-summer-can-help-your-career,1,1,False
/indo.php,1,1,True
/first.php,1,1,True
/env.json,1,1,False
/env.list,1,1,False
/env.txt,1,1,False
/environment.ts,1,1,False
/envrc,1,1,False
/epd_facts_figures-sitemap.xml,1,1,False
/epod-an-engineering-podcast,1,1,False
/error_log,1,1,False
/error_log.php,1,1,True
/explore-majors,1,1,False
/faq/what-are-the-application-deadlines,1,1,False
/faq/what-is-the-cost,1,1,False
/fe5.php,1,1,True
/fffff.php,1,1,True
/ffile.php,1,1,True
/file-manager/initialize,1,1,False
/akk.php,1,1,True
/file13.php,1,1,True
/file15.php,1,1,True
/file17.php,1,1,True
/file18.php,1,1,True
/file21.php,1,1,True
/file3.php,1,1,True
/file32.php,1,1,True
/file48.php,1,1,True
/file5.php,1,1,True
/file7.php,1,1,True
/file88.php,1,1,True
/fileas.php,1,1,True
/includes/phpinfo.php,1,1,True
/about3.php,1,1,True
/__nonexistent-probe-d77e66ce-e32f-4464-98ba-376f34da797b,1,1,False
/login,1,1,False
/aaaa.php,1,1,True
/lx.php,1,1,True
/ma.php,1,1,True
/a5e0a.php,1,1,True
/mailto:brsuhre@wisc.edu,1,1,False
/mailto:bsuhre@wisc.edu,1,1,False
/mailto:jrink@wisc.edu,1,1,False
/mailto:jwellik@wisc.edu,1,1,False
/mailto:oberstar@wisc.edu,1,1,False
/mailto:subscriptions@interpro.wisc.edu,1,1,False
/man.php,1,1,True
/managing-my-relationship-with-my-boss,1,1,False
/massby2.php,1,1,True
/maul.php,1,1,True
/_controls/responsive/Telerik.Web.UI.DialogHandler.aspx,1,1,False
/medicine,1,1,False
/meet-new-program-director-dr-andrea-strzelec,1,1,False
/meet-the-class-of-2017,1,1,False
/__nonexistent-probe-fc466a46-7ab3-494b-aaba-03d433585805,1,1,False
/mh.php,1,1,True
/__nonexistent-probe-f8b991bb-630d-44b5-8375-a9d70b41865c,1,1,False
/mlex.php,1,1,True
/mmc,1,1,False
/__nonexistent-probe-f1d6112c-b187-4f5f-9f55-63ff22a1d74d,1,1,False
/movs/football,1,1,False
/__nonexistent-probe-e3dba5c4-c204-4077-94a9-21e136a32e55,1,1,False
/muzu.php,1,1,True
/__nonexistent-probe-dbd26460-1e47-4d4d-a36b-54c7a457a64b,1,1,False
/naritai.php,1,1,True
/login.php,1,1,True
/about/ZWFybi1jcm,1,1,False
/instance/critical-conversations-t652,1,1,False
/about/careers/history-of-epd,1,1,False
/instance/design-of-ammonia-refrigeration-systems-for-peak-performance-and-efficiency-t911,1,1,False
/instructor/darin-eich,1,1,False
/instructor/nicometo-christine,1,1,False
/instructor/paschke-ned,1,1,False
/instructor/theodore-bohn,1,1,False
/interdisciplinary-professional-certificates/certificate-inquiry-laser-welding,1,1,False
/interdisciplinary-professional-certificates/qualified-commissioning-process-provider-certificate,1,1,False
/interdisciplinary-professional-certificates/qualified-commissioning-process-provider-certificate/ex,1,1,False
/interdisciplinary-professional-certificates/water-reclamation-professional-certificate,1,1,False
/js.php,1,1,True
/jvcpa.php,1,1,True
/ki1k.php,1,1,True
/klex.php,1,1,True
/krypton.php,1,1,True
/l10n.php,1,1,True
/about/employment,1,1,False
/lc.php,1,1,True
/lddxs.php,1,1,True
/link.php,1,1,True
/livewire/livewire.js,1,1,False
/lm15.php,1,1,True
/location/austin-utilities,1,1,False
/location/chrysler-llc,1,1,False
/location/cobo-center,1,1,False
/location/concourse-hotel,1,1,False
/location/dane-county-highway-dept,1,1,False
/location/h-b-fuller,1,1,False
/location/inshalla-country-club,1,1,False
/location/usace,1,1,False
Agent Info,1,1,False
